#pragma once

#include <cstddef>
#include <cstdint>

namespace gbasave::generated_runtime {

inline constexpr std::uint32_t kRuntimeBaseAddress = 0x08400000u;
inline constexpr std::size_t kRuntimeConfigOffset = 0x0u;
inline constexpr std::size_t kRuntimeAbsolute32Relocations[] = {0x1670u, 0x1820u, 0x1838u, 0x183Cu, 0x1840u, 0x19F4u, 0x1A08u, 0x1A0Cu, 0x1A10u, 0x1A98u, 0x1B08u, 0x1B98u, 0x1B9Cu, 0x1BA0u, 0x1C34u, 0x1C3Cu, 0x1C40u, 0x1C44u, 0x1CE0u, 0x1D98u, 0x1DA4u, 0x1DF8u, 0x1E64u, 0x1EE4u, 0x1EE8u, 0x2138u, 0x21A0u, 0x21A4u, 0x2230u, 0x2234u, 0x22B8u, 0x2368u, 0x2454u, 0x259Cu, 0x25B4u, 0x25B8u, 0x25BCu, 0x25F8u, 0x265Cu, 0x2738u, 0x2804u, 0x280Cu, 0x2810u, 0x2814u, 0x2868u, 0x293Cu, 0x2A20u, 0x2A8Cu, 0x2B20u, 0x2BE4u, 0x2DA0u, 0x2DA8u, 0x2DACu, 0x2DB0u, 0x2EDCu, 0x2EE8u, 0x2EECu, 0x304Cu, 0x3054u, 0x3058u, 0x305Cu, 0x315Cu, 0x3164u, 0x3168u, 0x316Cu, 0x31E8u, 0x32CCu, 0x335Cu, 0x3428u, 0x34B0u, 0x3700u, 0x3764u, 0x3804u, 0x3830u, 0x3904u, 0x25Cu, 0x274u, 0x2B8u, 0x320u, 0x3BCu, 0x3F0u, 0x488u, 0x4A4u, 0x4C8u, 0x50Cu, 0x534u, 0x584u, 0x5C4u, 0x614u, 0x684u, 0x6B8u, 0x7F8u, 0xAECu, 0xAF8u, 0xAFCu, 0xB48u, 0xB78u, 0xB80u, 0xBA0u, 0xCA0u, 0xDF0u, 0xF50u, 0xFB4u, 0x12C8u, 0x12D0u, 0x12D4u, 0x12D8u, 0x12DCu, 0x12E4u, 0x14E8u, 0x14ECu, 0x14F8u, 0x14FCu, 0x1500u, 0x1504u, 0x1508u, 0x1510u, 0x1514u, 0x1518u, 0x151Cu, 0x1520u, 0x1524u, 0x1528u, 0x3ACCu, 0x3AD0u, 0x3B18u, 0x3F04u, 0x4128u, 0x4238u, };
inline constexpr std::uint8_t kRuntimeBlob[] = {
    0x47, 0x53, 0x56, 0x48, 0x0E, 0x00, 0x00, 0x00, 0x01, 0x00, 0x01, 0x00, 0x01, 0x00, 0xC2, 0x09, 
    0x40, 0x00, 0x00, 0x00, 0x00, 0x00, 0x02, 0x00, 0x00, 0x00, 0x01, 0x00, 0x00, 0x10, 0x00, 0x00, 
    0x00, 0x00, 0x01, 0x00, 0x20, 0x00, 0x0C, 0x00, 0xFF, 0x0F, 0x10, 0x00, 0x02, 0x00, 0x04, 0x00, 
    0x0F, 0x00, 0x20, 0x00, 0x00, 0xF0, 0x00, 0x00, 0x00, 0x00, 0x00, 0x00, 0xE0, 0x79, 0x00, 0x03, 
    0x00, 0x00, 0x00, 0x00, 0x00, 0x00, 0x00, 0x00, 0x00, 0x00, 0x00, 0x00, 0x00, 0x00, 0x00, 0x00, 
    0x00, 0x00, 0x00, 0x00, 0x00, 0x00, 0x00, 0x00, 0x00, 0x00, 0x00, 0x00, 0x00, 0x00, 0x00, 0x00, 
    0x00, 0x70, 0x02, 0x02, 0x00, 0x00, 0x00, 0x00, 0x00, 0x80, 0x00, 0x00, 0x00, 0x00, 0x00, 0x0E, 
    0xF9, 0x00, 0x00, 0x00, 0xFF, 0xFF, 0xFF, 0xFF, 0x00, 0x00, 0x00, 0x00, 0xE0, 0xBF, 0x03, 0x02, 
    0x00, 0x00, 0x00, 0x00, 0x00, 0x00, 0x00, 0x00, 0x00, 0x00, 0x00, 0x00, 0x00, 0x00, 0x00, 0x00, 
    0x00, 0x00, 0x00, 0x00, 0x00, 0x00, 0x00, 0x00, 0x00, 0x00, 0x00, 0x00, 0x00, 0x00, 0x00, 0x00, 
    0x00, 0x00, 0x00, 0x00, 0x00, 0x00, 0x00, 0x00, 0x00, 0x00, 0x00, 0x00, 0x00, 0x00, 0x00, 0x00, 
    0x00, 0x00, 0x00, 0x00, 0x00, 0x00, 0x00, 0x00, 0x00, 0x00, 0x00, 0x00, 0x00, 0x00, 0x00, 0x00, 
    0x00, 0x00, 0x00, 0x00, 0x00, 0x00, 0x00, 0x00, 0x00, 0x00, 0x00, 0x00, 0x00, 0x00, 0x00, 0x00, 
    0x00, 0x00, 0x00, 0x00, 0x00, 0x00, 0x00, 0x00, 0x00, 0x00, 0x00, 0x00, 0x00, 0x00, 0x00, 0x00, 
    0x00, 0x00, 0x00, 0x00, 0x00, 0x00, 0x00, 0x00, 0x00, 0x00, 0x00, 0x00, 0x00, 0x00, 0x00, 0x00, 
    0x00, 0x00, 0x00, 0x00, 0x00, 0x00, 0x00, 0x00, 0x00, 0x00, 0x00, 0x00, 0x00, 0x00, 0x00, 0x00, 
    0x00, 0x00, 0x00, 0x00, 0x00, 0x00, 0x00, 0x00, 0x00, 0x00, 0x00, 0x00, 0x00, 0x00, 0x00, 0x00, 
    0x00, 0x00, 0x00, 0x00, 0x00, 0x00, 0x00, 0x00, 0x00, 0x00, 0x00, 0x00, 0x00, 0x00, 0x00, 0x00, 
    0x00, 0x00, 0x00, 0x00, 0x00, 0x00, 0x00, 0x00, 0x00, 0x00, 0x00, 0x00, 0x00, 0x00, 0x00, 0x00, 
    0x00, 0x00, 0x00, 0x00, 0x00, 0x00, 0x00, 0x00, 0x00, 0x00, 0x00, 0x00, 0x00, 0x00, 0x00, 0x00, 
    0x00, 0x00, 0x00, 0x00, 0x00, 0x00, 0x00, 0x00, 0x00, 0x00, 0x00, 0x00, 0x00, 0x00, 0x00, 0x00, 
    0x00, 0x00, 0x00, 0x00, 0x00, 0x00, 0x00, 0x00, 0x00, 0x00, 0x00, 0x00, 0x00, 0x00, 0x00, 0x00, 
    0x00, 0x00, 0x00, 0x00, 0x00, 0x00, 0x00, 0x00, 0x00, 0x00, 0x00, 0x00, 0x00, 0x00, 0x00, 0x00, 
    0x00, 0x00, 0x00, 0x00, 0x00, 0x00, 0x00, 0x00, 0x00, 0x00, 0x00, 0x00, 0x00, 0x00, 0x00, 0x00, 
    0x00, 0x00, 0x00, 0x00, 0x00, 0x00, 0x00, 0x00, 0x00, 0x00, 0x00, 0x00, 0x00, 0x00, 0x00, 0x00, 
    0x00, 0x00, 0x00, 0x00, 0x00, 0x00, 0x00, 0x00, 0x00, 0x00, 0x00, 0x00, 0x00, 0x00, 0x00, 0x00, 
    0x00, 0x00, 0x00, 0x00, 0x00, 0x00, 0x00, 0x00, 0x00, 0x00, 0x00, 0x00, 0x00, 0x00, 0x00, 0x00, 
    0x00, 0x00, 0x00, 0x00, 0x00, 0x00, 0x00, 0x00, 0x00, 0x00, 0x00, 0x00, 0x00, 0x00, 0x00, 0x00, 
    0x00, 0x00, 0x00, 0x00, 0x00, 0x00, 0x00, 0x00, 0x00, 0x00, 0x00, 0x00, 0x00, 0x00, 0x00, 0x00, 
    0x00, 0x00, 0x00, 0x00, 0x00, 0x00, 0x00, 0x00, 0x00, 0x00, 0x00, 0x00, 0x00, 0x00, 0x00, 0x00, 
    0x00, 0x00, 0x00, 0x00, 0x00, 0x00, 0x00, 0x00, 0x00, 0x00, 0x00, 0x00, 0x00, 0x00, 0x00, 0x00, 
    0x00, 0x00, 0x00, 0x00, 0x00, 0x00, 0x00, 0x00, 0x00, 0x00, 0x00, 0x00, 0x00, 0x00, 0x00, 0x00, 
    0x00, 0x00, 0x00, 0x00, 0x00, 0x00, 0x00, 0x00, 0x80, 0xB5, 0x00, 0xAF, 0xE8, 0x2B, 0x03, 0xD1, 
    0xE8, 0x23, 0x03, 0xF0, 0xA1, 0xFD, 0x00, 0xE0, 0x01, 0x48, 0x80, 0xBC, 0x02, 0xBC, 0x08, 0x47, 
    0x5E, 0xE1, 0x00, 0x00, 0x80, 0xB5, 0x00, 0xAF, 0xE8, 0x29, 0x03, 0xD1, 0xE8, 0x21, 0x03, 0xF0, 
    0x81, 0xFF, 0x00, 0xE0, 0x01, 0x48, 0x80, 0xBC, 0x02, 0xBC, 0x08, 0x47, 0x5F, 0xE1, 0x00, 0x00, 
    0x06, 0x4A, 0x93, 0x8D, 0x83, 0x42, 0x06, 0xD9, 0x01, 0x00, 0x00, 0x20, 0x02, 0x2B, 0x01, 0xD3, 
    0xD2, 0x6B, 0x11, 0x70, 0x70, 0x47, 0x01, 0x20, 0x70, 0x47, 0xC0, 0x46, 0x00, 0x00, 0x40, 0x08, 
    0x04, 0x48, 0x81, 0x8D, 0x02, 0x29, 0x02, 0xD3, 0xC1, 0x6B, 0x00, 0x22, 0x0A, 0x70, 0xC0, 0x89, 
    0x70, 0x47, 0xC0, 0x46, 0x00, 0x00, 0x40, 0x08, 0x0F, 0x48, 0x81, 0x6B, 0x00, 0x29, 0x12, 0xD0, 
    0x0A, 0x68, 0x43, 0x6C, 0x1A, 0x60, 0x4A, 0x68, 0xC3, 0x6C, 0x1A, 0x60, 0x8A, 0x68, 0x03, 0x6D, 
    0x1A, 0x60, 0xCA, 0x68, 0x03, 0x6C, 0x1A, 0x60, 0x09, 0x69, 0x42, 0x6D, 0x11, 0x60, 0x81, 0x6C, 
    0x82, 0x6B, 0x14, 0x32, 0x0A, 0x60, 0x81, 0x8D, 0x02, 0x29, 0x02, 0xD3, 0xC0, 0x6B, 0x00, 0x21, 
    0x01, 0x70, 0x00, 0x20, 0x70, 0x47, 0xC0, 0x46, 0x00, 0x00, 0x40, 0x08, 0xF0, 0xB5, 0x03, 0xAF, 
    0x83, 0xB0, 0xFF, 0x21, 0x00, 0x28, 0x26, 0xD0, 0x42, 0x0E, 0x07, 0x2A, 0x23, 0xD3, 0x07, 0x22, 
    0x52, 0x06, 0x13, 0x4B, 0x9C, 0x69, 0xA2, 0x18, 0x82, 0x42, 0x1C, 0xD9, 0x79, 0x21, 0x49, 0x06, 
    0x41, 0x18, 0x9C, 0x8D, 0x02, 0x2C, 0x03, 0xD3, 0xDA, 0x6B, 0x12, 0x78, 0x94, 0x42, 0x00, 0xD8, 
    0x00, 0x22, 0xDC, 0x8C, 0x01, 0x94, 0x5E, 0x8D, 0x02, 0xAC, 0xFF, 0x25, 0x25, 0x70, 0x56, 0x43, 
    0x01, 0x9A, 0xD1, 0x40, 0x8A, 0x19, 0x19, 0x8D, 0x01, 0x40, 0x01, 0x23, 0x10, 0x00, 0x22, 0x00, 
    0x01, 0xF0, 0x0C, 0xF9, 0x21, 0x78, 0x08, 0x00, 0x03, 0xB0, 0xF0, 0xBC, 0x02, 0xBC, 0x08, 0x47, 
    0x00, 0x00, 0x40, 0x08, 0xF0, 0xB5, 0x03, 0xAF, 0x83, 0xB0, 0x06, 0x00, 0x01, 0x20, 0x00, 0x2E, 
    0x3F, 0xD0, 0x00, 0x29, 0x3D, 0xD0, 0x73, 0x0E, 0x07, 0x2B, 0x3A, 0xD3, 0x01, 0x91, 0x07, 0x21, 
    0x4C, 0x06, 0x11, 0x00, 0xB3, 0x18, 0x1D, 0x4A, 0x95, 0x69, 0x2A, 0x19, 0x93, 0x42, 0x30, 0xD8, 
    0x00, 0x29, 0x2D, 0xD0, 0x0D, 0x00, 0x79, 0x20, 0x40, 0x06, 0x33, 0x18, 0x00, 0x20, 0x00, 0x90, 
    0x02, 0x95, 0x16, 0x4D, 0xA9, 0x8D, 0x02, 0x29, 0x00, 0x98, 0x04, 0xD3, 0xE8, 0x6B, 0x00, 0x78, 
    0x81, 0x42, 0x00, 0xD8, 0x00, 0x20, 0x6A, 0x8D, 0xEC, 0x8C, 0x29, 0x8D, 0x19, 0x40, 0xEE, 0x69, 
    0x76, 0x1A, 0x02, 0x9D, 0xAE, 0x42, 0x00, 0xD3, 0x2E, 0x00, 0x42, 0x43, 0x1D, 0x00, 0x18, 0x00, 
    0xE0, 0x40, 0x80, 0x18, 0x01, 0x9C, 0x22, 0x00, 0x33, 0x00, 0x01, 0xF0, 0xC7, 0xF8, 0x02, 0x98, 
    0x80, 0x1B, 0x73, 0x19, 0xA4, 0x19, 0x01, 0x94, 0x00, 0x28, 0x84, 0x46, 0x65, 0x46, 0xD7, 0xD1, 
    0x00, 0x20, 0x03, 0xB0, 0xF0, 0xBC, 0x02, 0xBC, 0x08, 0x47, 0xC0, 0x46, 0x00, 0x00, 0x40, 0x08, 
    0xF0, 0xB5, 0x03, 0xAF, 0x81, 0xB0, 0x04, 0x00, 0x01, 0x20, 0x00, 0x2A, 0x0C, 0xD0, 0x08, 0x4D, 
    0xAE, 0x8C, 0xA6, 0x42, 0x08, 0xD9, 0xED, 0x69, 0x6D, 0x1A, 0x05, 0xD3, 0x9D, 0x42, 0x03, 0xD3, 
    0x20, 0x00, 0x01, 0xF0, 0xA3, 0xF8, 0x00, 0x20, 0x01, 0xB0, 0xF0, 0xBC, 0x02, 0xBC, 0x08, 0x47, 
    0x00, 0x00, 0x40, 0x08, 0xF0, 0xB5, 0x03, 0xAF, 0x85, 0xB0, 0x03, 0x00, 0x01, 0x20, 0x02, 0x93, 
    0x00, 0x2B, 0x3D, 0xD0, 0x00, 0x29, 0x3B, 0xD0, 0x4B, 0x0E, 0x07, 0x2B, 0x38, 0xD3, 0x07, 0x23, 
    0x5D, 0x06, 0x8B, 0x18, 0x1C, 0x4E, 0xB4, 0x69, 0x64, 0x19, 0xA3, 0x42, 0x30, 0xD8, 0x00, 0x2A, 
    0x2D, 0xD0, 0x04, 0x92, 0x79, 0x20, 0x40, 0x06, 0x0D, 0x18, 0x00, 0x24, 0x01, 0x94, 0xB1, 0x8D, 
    0x02, 0x29, 0x01, 0x98, 0x04, 0xD3, 0xF0, 0x6B, 0x00, 0x78, 0x81, 0x42, 0x00, 0xD8, 0x00, 0x20, 
    0x72, 0x8D, 0xF1, 0x8C, 0x03, 0x91, 0x31, 0x8D, 0x29, 0x40, 0xF6, 0x69, 0x76, 0x1A, 0x04, 0x9B, 
    0x9E, 0x42, 0x00, 0xD3, 0x04, 0x9E, 0x42, 0x43, 0x28, 0x00, 0x03, 0x9B, 0xD8, 0x40, 0x80, 0x18, 
    0x02, 0x9A, 0x12, 0x19, 0x33, 0x00, 0x01, 0xF0, 0xB7, 0xF8, 0x00, 0x28, 0x08, 0xD1, 0x04, 0x98, 
    0x80, 0x1B, 0x34, 0x19, 0x75, 0x19, 0x04, 0x90, 0x00, 0x28, 0x03, 0x4E, 0xD7, 0xD1, 0x00, 0x20, 
    0x05, 0xB0, 0xF0, 0xBC, 0x02, 0xBC, 0x08, 0x47, 0x00, 0x00, 0x40, 0x08, 0x80, 0xB5, 0x00, 0xAF, 
    0x0A, 0x00, 0x04, 0x49, 0xCB, 0x69, 0x00, 0x21, 0x01, 0xF0, 0x9E, 0xF8, 0x80, 0xBC, 0x02, 0xBC, 
    0x08, 0x47, 0xC0, 0x46, 0x00, 0x00, 0x40, 0x08, 0x80, 0xB5, 0x00, 0xAF, 0x13, 0x00, 0x0A, 0x00, 
    0x05, 0x49, 0xC9, 0x69, 0x99, 0x42, 0x01, 0xD2, 0x01, 0x20, 0x02, 0xE0, 0x00, 0x21, 0x01, 0xF0, 
    0x8B, 0xF8, 0x80, 0xBC, 0x02, 0xBC, 0x08, 0x47, 0x00, 0x00, 0x40, 0x08, 0x00, 0x20, 0x70, 0x47, 
    0xB0, 0xB5, 0x02, 0xAF, 0x0D, 0x4A, 0x93, 0x8C, 0x83, 0x42, 0x0B, 0xD9, 0x94, 0x8D, 0x02, 0x2C, 
    0x0A, 0xD3, 0x53, 0x8D, 0x00, 0x2B, 0x07, 0xD0, 0xD5, 0x8D, 0x03, 0x00, 0xEB, 0x40, 0x9C, 0x42, 
    0x04, 0xD9, 0x04, 0xE0, 0x01, 0x20, 0x06, 0xE0, 0x02, 0x2C, 0x02, 0xD3, 0x00, 0x23, 0xD2, 0x6B, 
    0x13, 0x70, 0x01, 0xF0, 0xB9, 0xF8, 0xB0, 0xBC, 0x02, 0xBC, 0x08, 0x47, 0x00, 0x00, 0x40, 0x08, 
    0xB0, 0xB5, 0x02, 0xAF, 0x0C, 0x00, 0x05, 0x00, 0x01, 0xF0, 0xAE, 0xF8, 0x00, 0x28, 0x06, 0xD1, 
    0x04, 0x48, 0xC3, 0x69, 0x00, 0x21, 0x28, 0x00, 0x22, 0x00, 0x01, 0xF0, 0x55, 0xF8, 0xB0, 0xBC, 
    0x02, 0xBC, 0x08, 0x47, 0x00, 0x00, 0x40, 0x08, 0xF0, 0xB5, 0x03, 0xAF, 0x81, 0xB0, 0x06, 0x00, 
    0x10, 0x48, 0xC0, 0x69, 0x90, 0x42, 0x01, 0xD2, 0x01, 0x20, 0x17, 0xE0, 0x94, 0x46, 0x64, 0x46, 
    0x8C, 0x46, 0x65, 0x46, 0x04, 0xD1, 0x30, 0x00, 0x29, 0x00, 0x01, 0xF0, 0x8D, 0xF8, 0x05, 0xE0, 
    0x00, 0x21, 0x30, 0x00, 0x2A, 0x00, 0x23, 0x00, 0x01, 0xF0, 0x74, 0xF9, 0x00, 0x28, 0x05, 0xD1, 
    0x00, 0x21, 0x30, 0x00, 0x2A, 0x00, 0x23, 0x00, 0x01, 0xF0, 0x2E, 0xF8, 0x01, 0xB0, 0xF0, 0xBC, 
    0x02, 0xBC, 0x08, 0x47, 0x00, 0x00, 0x40, 0x08, 0xD0, 0xB5, 0x02, 0xAF, 0x0D, 0x49, 0x8A, 0x8C, 
    0x82, 0x42, 0x0B, 0xD9, 0x8B, 0x8D, 0x02, 0x2B, 0x0A, 0xD3, 0x4A, 0x8D, 0x00, 0x2A, 0x07, 0xD0, 
    0xCC, 0x8D, 0x02, 0x00, 0xE2, 0x40, 0x93, 0x42, 0x04, 0xD9, 0x04, 0xE0, 0x01, 0x20, 0x06, 0xE0, 
    0x02, 0x2B, 0x02, 0xD3, 0x00, 0x22, 0xC9, 0x6B, 0x0A, 0x70, 0x01, 0xF0, 0x31, 0xFA, 0xD0, 0xBC, 
    0x02, 0xBC, 0x08, 0x47, 0x00, 0x00, 0x40, 0x08, 0xF0, 0xB5, 0x03, 0xAF, 0x81, 0xB0, 0x11, 0x4D, 
    0xA9, 0x8D, 0x02, 0x29, 0x03, 0xD3, 0xE8, 0x6B, 0x06, 0x78, 0xB1, 0x42, 0x00, 0xD8, 0x00, 0x26, 
    0xA8, 0x8C, 0x00, 0x28, 0x0A, 0xD0, 0x00, 0x24, 0x20, 0x00, 0x01, 0xF0, 0x19, 0xFA, 0x00, 0x28, 
    0x0C, 0xD1, 0x64, 0x1C, 0xA8, 0x8C, 0x84, 0x42, 0xF6, 0xD3, 0xA9, 0x8D, 0x00, 0x20, 0x02, 0x29, 
    0x04, 0xD3, 0x8E, 0x42, 0x00, 0xD3, 0x06, 0x00, 0xE9, 0x6B, 0x0E, 0x70, 0x01, 0xB0, 0xF0, 0xBC, 
    0x02, 0xBC, 0x08, 0x47, 0x00, 0x00, 0x40, 0x08, 0xF0, 0xB5, 0x03, 0xAF, 0x83, 0xB0, 0x01, 0x22, 
    0x00, 0x28, 0x2A, 0xD0, 0x00, 0x29, 0x28, 0xD0, 0x4B, 0x0E, 0x07, 0x2B, 0x25, 0xD3, 0x07, 0x23, 
    0x5C, 0x06, 0x14, 0x4B, 0x9D, 0x69, 0x2C, 0x19, 0x8C, 0x42, 0x1E, 0xD9, 0x79, 0x22, 0x52, 0x06, 
    0x8D, 0x18, 0x9A, 0x8D, 0x02, 0x2A, 0x02, 0xD2, 0x00, 0x22, 0x01, 0x92, 0x05, 0xE0, 0xDC, 0x6B, 
    0x24, 0x78, 0xA2, 0x42, 0x00, 0xD8, 0x00, 0x24, 0x01, 0x94, 0x1C, 0x8D, 0xDE, 0x8C, 0x5B, 0x8D, 
    0x00, 0x78, 0x02, 0xAA, 0x10, 0x70, 0x01, 0x98, 0x43, 0x43, 0xF5, 0x40, 0xE8, 0x18, 0x0C, 0x40, 
    0x01, 0x23, 0x21, 0x00, 0x01, 0xF0, 0xEE, 0xF8, 0x02, 0x00, 0x10, 0x00, 0x03, 0xB0, 0xF0, 0xBC, 
    0x02, 0xBC, 0x08, 0x47, 0x00, 0x00, 0x40, 0x08, 0xB0, 0xB5, 0x02, 0xAF, 0x82, 0xB0, 0x0A, 0x4C, 
    0xA5, 0x8C, 0x01, 0x23, 0x85, 0x42, 0x09, 0xD9, 0xE4, 0x69, 0x8C, 0x42, 0x06, 0xD9, 0x01, 0xAC, 
    0x22, 0x70, 0x01, 0x23, 0x22, 0x00, 0x01, 0xF0, 0xD5, 0xF8, 0x03, 0x00, 0x18, 0x00, 0x02, 0xB0, 
    0xB0, 0xBC, 0x02, 0xBC, 0x08, 0x47, 0xC0, 0x46, 0x00, 0x00, 0x40, 0x08, 0xF0, 0xB5, 0x03, 0xAF, 
    0x83, 0xB0, 0x0D, 0x00, 0x4C, 0x49, 0x4A, 0x89, 0x01, 0x23, 0x05, 0x2A, 0x46, 0xD1, 0x00, 0x2D, 
    0x00, 0xD1, 0x8C, 0xE0, 0x4C, 0x69, 0x08, 0x2C, 0x00, 0xD2, 0x88, 0xE0, 0x02, 0x90, 0x21, 0x09, 
    0x46, 0x4A, 0x0A, 0x40, 0xE6, 0x08, 0xB0, 0x1A, 0x45, 0x49, 0x82, 0x08, 0x08, 0x40, 0x0A, 0x40, 
    0x80, 0x18, 0x01, 0x09, 0x40, 0x18, 0x43, 0x49, 0x01, 0x40, 0x43, 0x48, 0x48, 0x43, 0x00, 0x0E, 
    0x01, 0x28, 0x74, 0xD8, 0x00, 0x20, 0x01, 0x90, 0x02, 0xF0, 0xB2, 0xF8, 0x00, 0x28, 0x58, 0xD4, 
    0x04, 0x00, 0x76, 0x1E, 0x02, 0x98, 0x06, 0x40, 0x20, 0x00, 0x31, 0x00, 0x02, 0xF0, 0xDC, 0xF8, 
    0x00, 0x28, 0x56, 0xD4, 0x34, 0x4A, 0x51, 0x8E, 0x8C, 0x42, 0x01, 0x9B, 0x9C, 0x46, 0x61, 0x46, 
    0x05, 0xD2, 0xA1, 0x00, 0x51, 0x18, 0x21, 0x22, 0xD2, 0x00, 0x89, 0x58, 0x2E, 0x4A, 0x12, 0x8E, 
    0x72, 0x43, 0x10, 0x18, 0x0A, 0x22, 0x42, 0x43, 0x50, 0x18, 0xC0, 0x1D, 0x19, 0x00, 0x02, 0x78, 
    0x6A, 0x54, 0x40, 0x1E, 0x49, 0x1C, 0x08, 0x29, 0xF9, 0xD1, 0x48, 0xE0, 0x00, 0x2D, 0x46, 0xD0, 
    0x4A, 0x69, 0xD2, 0x08, 0x43, 0xD0, 0x54, 0x1E, 0x22, 0x42, 0x40, 0xD1, 0x04, 0x40, 0xA6, 0x09, 
    0x88, 0x8C, 0xB0, 0x42, 0x3B, 0xD9, 0x3F, 0x21, 0x21, 0x40, 0x30, 0x00, 0x02, 0x91, 0x01, 0xF0, 
    0x95, 0xF9, 0x00, 0x23, 0x00, 0x28, 0x2C, 0xD4, 0x21, 0x0B, 0x9C, 0x46, 0x61, 0x46, 0x1A, 0x4A, 
    0x09, 0xD1, 0x51, 0x8E, 0x8E, 0x42, 0x9C, 0x46, 0x61, 0x46, 0x04, 0xD2, 0xB1, 0x00, 0x51, 0x18, 
    0x21, 0x22, 0xD2, 0x00, 0x89, 0x58, 0x02, 0x9A, 0x92, 0x02, 0x00, 0x01, 0x80, 0x18, 0x40, 0x18, 
    0xC0, 0x1D, 0x19, 0x00, 0x02, 0x78, 0x6A, 0x54, 0x40, 0x1E, 0x49, 0x1C, 0x08, 0x29, 0xF9, 0xD1, 
    0x15, 0xE0, 0x00, 0x23, 0xFF, 0x20, 0x19, 0x00, 0x68, 0x54, 0x49, 0x1C, 0x08, 0x29, 0xFB, 0xD1, 
    0x0D, 0xE0, 0x00, 0x23, 0xFF, 0x20, 0x19, 0x00, 0x68, 0x54, 0x49, 0x1C, 0x08, 0x29, 0xFB, 0xD1, 
    0x05, 0xE0, 0xFF, 0x20, 0x19, 0x00, 0x68, 0x54, 0x49, 0x1C, 0x08, 0x29, 0xFB, 0xD1, 0x18, 0x00, 
    0x03, 0xB0, 0xF0, 0xBC, 0x02, 0xBC, 0x08, 0x47, 0x00, 0x00, 0x40, 0x08, 0x55, 0x55, 0x55, 0x05, 
    0x33, 0x33, 0x33, 0x33, 0x0F, 0x0F, 0x0F, 0x0F, 0x01, 0x01, 0x01, 0x01, 0xF0, 0xB5, 0x03, 0xAF, 
    0x8B, 0xB0, 0x05, 0x00, 0xB5, 0x4E, 0x70, 0x89, 0x05, 0x28, 0x35, 0xD1, 0x01, 0x20, 0x00, 0x29, 
    0x00, 0xD1, 0x5E, 0xE1, 0x72, 0x69, 0xD2, 0x08, 0x00, 0xD1, 0x5A, 0xE1, 0x53, 0x1E, 0x04, 0x93, 
    0x1A, 0x42, 0x00, 0xD0, 0x55, 0xE1, 0x32, 0x8E, 0x02, 0x2A, 0x00, 0xD2, 0x51, 0xE1, 0x08, 0x20, 
    0x40, 0x1E, 0x0A, 0x78, 0x09, 0xAB, 0xC2, 0x54, 0x49, 0x1C, 0x00, 0x28, 0xF8, 0xD1, 0x00, 0x24, 
    0x08, 0x94, 0x08, 0xA8, 0x02, 0xF0, 0x0C, 0xF8, 0x06, 0x00, 0x00, 0x28, 0x5E, 0xD4, 0x04, 0x98, 
    0x28, 0x40, 0x05, 0x00, 0x06, 0xAA, 0x30, 0x00, 0x29, 0x00, 0x02, 0xF0, 0xDF, 0xF8, 0x20, 0x00, 
    0x09, 0xA9, 0x09, 0x5C, 0x06, 0xAA, 0x12, 0x5C, 0x8A, 0x42, 0x00, 0xD0, 0x8F, 0xE0, 0x40, 0x1C, 
    0x08, 0x28, 0xF5, 0xD1, 0x20, 0x00, 0x2C, 0xE1, 0x01, 0x20, 0x00, 0x29, 0x00, 0xD1, 0x28, 0xE1, 
    0x72, 0x69, 0xD2, 0x08, 0x00, 0xD1, 0x24, 0xE1, 0x54, 0x1E, 0x22, 0x42, 0x00, 0xD0, 0x20, 0xE1, 
    0x2C, 0x40, 0xA3, 0x09, 0xB2, 0x8C, 0x03, 0x93, 0x9A, 0x42, 0x00, 0xD8, 0x19, 0xE1, 0x3F, 0x25, 
    0x25, 0x40, 0x08, 0x20, 0x40, 0x1E, 0x0A, 0x78, 0x09, 0xAB, 0xC2, 0x54, 0x49, 0x1C, 0x00, 0x28, 
    0xF8, 0xD1, 0x03, 0x98, 0x29, 0x00, 0x01, 0xF0, 0xF1, 0xF8, 0x01, 0x00, 0x01, 0x22, 0x13, 0x03, 
    0x70, 0x8E, 0x01, 0x90, 0x00, 0x29, 0x6F, 0xD4, 0x04, 0x92, 0x00, 0x20, 0x00, 0x93, 0x9C, 0x42, 
    0x84, 0x46, 0x62, 0x46, 0x0B, 0xD2, 0x03, 0x9A, 0x01, 0x9B, 0x9A, 0x42, 0x84, 0x46, 0x62, 0x46, 
    0x05, 0xD2, 0x03, 0x9A, 0x92, 0x00, 0xB2, 0x18, 0x21, 0x23, 0xDB, 0x00, 0xD2, 0x58, 0xAB, 0x02, 
    0x09, 0x01, 0x02, 0x93, 0xC9, 0x18, 0x89, 0x18, 0x02, 0x00, 0x8B, 0x5C, 0x09, 0xAD, 0xAD, 0x5C, 
    0xAB, 0x42, 0x54, 0xD1, 0x52, 0x1C, 0x08, 0x2A, 0xF7, 0xD1, 0xE2, 0xE0, 0x03, 0x94, 0x73, 0x49, 
    0x48, 0x8E, 0x00, 0x28, 0x02, 0xD0, 0x21, 0x20, 0xC0, 0x00, 0x08, 0x58, 0x09, 0x6A, 0x4A, 0x08, 
    0x07, 0xD0, 0x6F, 0x4B, 0x04, 0x00, 0x26, 0x88, 0x9E, 0x42, 0x09, 0xD1, 0xA4, 0x1C, 0x52, 0x1E, 
    0xF9, 0xD1, 0xCA, 0x07, 0x0A, 0xD0, 0x40, 0x18, 0x40, 0x1E, 0x00, 0x78, 0xFF, 0x28, 0x05, 0xD0, 
    0x00, 0x20, 0x02, 0xF0, 0x35, 0xFA, 0x00, 0x28, 0x00, 0xD0, 0xC2, 0xE0, 0x00, 0x20, 0x01, 0x24, 
    0x21, 0x00, 0x02, 0xF0, 0xC9, 0xFA, 0x00, 0x28, 0x00, 0xD0, 0xBA, 0xE0, 0x00, 0x26, 0x30, 0x00, 
    0x02, 0xF0, 0x7A, 0xFB, 0x00, 0x28, 0x00, 0xD0, 0xB3, 0xE0, 0x06, 0x96, 0x06, 0xA9, 0x30, 0x00, 
    0x01, 0xF0, 0xE0, 0xFF, 0x01, 0x00, 0x5B, 0x48, 0x53, 0x30, 0x00, 0x29, 0x00, 0xD1, 0xA8, 0xE0, 
    0x06, 0x99, 0x01, 0x29, 0x00, 0xD0, 0xA4, 0xE0, 0x08, 0x94, 0x03, 0x9C, 0x5F, 0xE7, 0x30, 0x00, 
    0x29, 0x00, 0x02, 0xF0, 0x75, 0xF8, 0x00, 0x28, 0x73, 0xD4, 0x02, 0x00, 0x09, 0xAB, 0x30, 0x00, 
    0x29, 0x00, 0x02, 0xF0, 0x1B, 0xF9, 0x94, 0xE0, 0xA8, 0x02, 0x02, 0x90, 0x01, 0xE0, 0x04, 0x9A, 
    0x00, 0x9B, 0x00, 0x20, 0x04, 0x90, 0x03, 0x98, 0x01, 0x99, 0x88, 0x42, 0x94, 0x46, 0x60, 0x46, 
    0x00, 0xD3, 0x04, 0x98, 0x9C, 0x42, 0x00, 0xD3, 0x04, 0x9A, 0x02, 0x40, 0x03, 0x98, 0x80, 0x00, 
    0x30, 0x18, 0x21, 0x21, 0xC9, 0x00, 0x40, 0x18, 0x01, 0x90, 0x41, 0x4D, 0x04, 0x98, 0x14, 0x00, 
    0x00, 0x2A, 0x04, 0x99, 0x01, 0xD0, 0x01, 0x99, 0x09, 0x68, 0x02, 0x01, 0x02, 0x9B, 0xD2, 0x18, 
    0x03, 0x92, 0x51, 0x18, 0xCA, 0x89, 0xAA, 0x42, 0x07, 0xD1, 0x04, 0x9A, 0x8B, 0x5A, 0xAB, 0x42, 
    0x03, 0xD1, 0x92, 0x1C, 0x08, 0x2A, 0xF9, 0xD1, 0x06, 0xE0, 0x40, 0x1C, 0x40, 0x28, 0xA4, 0x46, 
    0x62, 0x46, 0xE4, 0xD1, 0x33, 0x48, 0x5C, 0xE0, 0x00, 0x2C, 0x02, 0xD0, 0x01, 0x98, 0x00, 0x68, 
    0x00, 0xE0, 0x00, 0x20, 0x04, 0x90, 0x01, 0x20, 0x2F, 0x4D, 0x29, 0x00, 0x81, 0x43, 0x2F, 0x4A, 
    0x89, 0x1A, 0x01, 0x43, 0x2E, 0x48, 0x0C, 0x18, 0x01, 0xF0, 0x64, 0xF8, 0x33, 0x8A, 0xE8, 0x2B, 
    0x00, 0xD0, 0x25, 0x00, 0x02, 0x94, 0x03, 0x98, 0x04, 0x99, 0x44, 0x18, 0x09, 0xA9, 0x08, 0x22, 
    0x20, 0x00, 0x00, 0xF0, 0x51, 0xF8, 0x00, 0x28, 0x3B, 0xD1, 0x00, 0x20, 0x21, 0x5C, 0x09, 0xAA, 
    0x12, 0x5C, 0x91, 0x42, 0x21, 0xD1, 0x40, 0x1C, 0x08, 0x28, 0xF7, 0xD1, 0x06, 0xA9, 0x21, 0x48, 
    0x04, 0x91, 0x08, 0x80, 0x01, 0xF0, 0x46, 0xF8, 0x33, 0x8A, 0xE8, 0x2B, 0x18, 0xD0, 0x02, 0x9D, 
    0x17, 0xE0, 0x00, 0x20, 0x05, 0x90, 0x08, 0x99, 0x05, 0xAA, 0x30, 0x00, 0x02, 0xF0, 0x44, 0xF8, 
    0x00, 0x28, 0x1E, 0xD1, 0x05, 0x9E, 0x30, 0x00, 0x29, 0x00, 0x01, 0xF0, 0xF1, 0xFF, 0x00, 0x28, 
    0x00, 0xD4, 0x7A, 0xE7, 0x0F, 0x48, 0x55, 0x30, 0x13, 0xE0, 0x0E, 0x48, 0x40, 0x1C, 0x10, 0xE0, 
    0x0D, 0x4D, 0x0E, 0x34, 0x02, 0x22, 0x20, 0x00, 0x04, 0x99, 0x00, 0xF0, 0x1D, 0xF8, 0x00, 0x28, 
    0x07, 0xD1, 0x20, 0x88, 0x0B, 0x49, 0x88, 0x42, 0x02, 0xD0, 0x06, 0x48, 0x80, 0x1C, 0x00, 0xE0, 
    0x00, 0x20, 0x0B, 0xB0, 0xF0, 0xBC, 0x02, 0xBC, 0x08, 0x47, 0xC0, 0x46, 0x00, 0x00, 0x40, 0x08, 
    0xFF, 0xFF, 0x00, 0x00, 0x01, 0xE4, 0x00, 0x00, 0x59, 0x3D, 0x40, 0x08, 0x24, 0x3A, 0x40, 0x08, 
    0x00, 0xC0, 0x03, 0x02, 0x5A, 0xA5, 0x00, 0x00, 0x28, 0x47, 0xC0, 0x46, 0x72, 0x20, 0x0E, 0x49, 
    0x08, 0x5A, 0xC0, 0x07, 0x15, 0xD0, 0xC8, 0x6F, 0x00, 0x28, 0x12, 0xD0, 0xC0, 0x68, 0x79, 0x22, 
    0x52, 0x06, 0x82, 0x18, 0x52, 0x0E, 0x7C, 0x2A, 0x0C, 0xD8, 0x09, 0x4A, 0x02, 0x40, 0x01, 0x23, 
    0x5B, 0x06, 0x9A, 0x42, 0x06, 0xD0, 0x05, 0x4A, 0x02, 0x40, 0x03, 0x23, 0x1B, 0x06, 0x9A, 0x42, 
    0x00, 0xD0, 0x88, 0x6F, 0x70, 0x47, 0xC0, 0x46, 0x00, 0x00, 0x40, 0x08, 0x00, 0x80, 0xFF, 0xFF, 
    0x00, 0x00, 0xFC, 0xFF, 0x08, 0x48, 0xC1, 0x6F, 0x00, 0x22, 0x0A, 0x60, 0x4A, 0x60, 0x8A, 0x60, 
    0x82, 0x6F, 0xCA, 0x60, 0x72, 0x21, 0x41, 0x5C, 0xC9, 0x07, 0x02, 0xD0, 0x03, 0x49, 0x04, 0x4A, 
    0x0A, 0x60, 0x40, 0x6E, 0x70, 0x47, 0xC0, 0x46, 0x00, 0x00, 0x40, 0x08, 0xFC, 0x7F, 0x00, 0x03, 
    0x38, 0x13, 0x40, 0x08, 0x80, 0xB5, 0x00, 0xAF, 0x72, 0x20, 0x05, 0x49, 0x08, 0x5A, 0xC0, 0x07, 
    0x01, 0xD0, 0x01, 0xF0, 0x09, 0xF8, 0x00, 0x20, 0x80, 0xBC, 0x02, 0xBC, 0x08, 0x47, 0xC0, 0x46, 
    0x00, 0x00, 0x40, 0x08, 0xF0, 0xB5, 0x03, 0xAF, 0x85, 0xB0, 0x03, 0x00, 0x00, 0x20, 0x00, 0x29, 
    0x71, 0xD0, 0x00, 0x2A, 0x6F, 0xD0, 0x72, 0x20, 0x02, 0x93, 0x39, 0x4C, 0x25, 0x5A, 0x02, 0x20, 
    0x28, 0x40, 0x63, 0x6F, 0xDE, 0x43, 0x06, 0x43, 0x73, 0x1E, 0x9E, 0x41, 0xEB, 0x07, 0xA4, 0x46, 
    0x65, 0x46, 0x02, 0x9C, 0x01, 0x91, 0x03, 0x92, 0x0E, 0xD0, 0x00, 0x2E, 0x0C, 0xD0, 0x00, 0x28, 
    0x0A, 0xD0, 0xA8, 0x6E, 0x90, 0x42, 0x07, 0xD1, 0x28, 0x6E, 0x88, 0x42, 0x04, 0xD1, 0xA1, 0x42, 
    0x46, 0xD0, 0xE8, 0x6E, 0xA0, 0x42, 0x43, 0xD0, 0x01, 0xF0, 0x74, 0xF8, 0x00, 0x26, 0x04, 0x96, 
    0x04, 0xAA, 0x20, 0x00, 0x03, 0x99, 0x01, 0xF0, 0xCF, 0xF8, 0x00, 0x28, 0x12, 0xD0, 0x28, 0x6E, 
    0x04, 0x99, 0x09, 0x18, 0x02, 0x96, 0x32, 0x00, 0x01, 0x9D, 0x8C, 0x18, 0xAE, 0x18, 0x33, 0x00, 
    0x23, 0x43, 0xD8, 0x07, 0x08, 0xD0, 0x88, 0x5C, 0xA8, 0x54, 0x52, 0x1C, 0x03, 0x98, 0x90, 0x42, 
    0xF3, 0xD1, 0x2F, 0xE0, 0x01, 0x20, 0x2E, 0xE0, 0x03, 0x98, 0x80, 0x1A, 0x9B, 0x07, 0x0C, 0xD4, 
    0x04, 0x28, 0x21, 0xD3, 0x00, 0x24, 0x01, 0x9D, 0x2B, 0x19, 0x0E, 0x19, 0xB6, 0x58, 0x9E, 0x50, 
    0x24, 0x1D, 0x00, 0x1F, 0x03, 0x28, 0xF7, 0xD8, 0x0B, 0xE0, 0x02, 0x28, 0x13, 0xD3, 0x00, 0x24, 
    0x01, 0x9D, 0x2B, 0x19, 0x0E, 0x19, 0xB6, 0x5A, 0x9E, 0x52, 0xA4, 0x1C, 0x80, 0x1E, 0x01, 0x28, 
    0xF7, 0xD8, 0xAB, 0x18, 0x1E, 0x19, 0x89, 0x18, 0x0C, 0x19, 0x00, 0x28, 0x04, 0xD1, 0x09, 0xE0, 
    0x00, 0xF0, 0xE8, 0xFF, 0xBA, 0xE7, 0x01, 0x20, 0x21, 0x78, 0x31, 0x70, 0x76, 0x1C, 0x64, 0x1C, 
    0x40, 0x1E, 0xF9, 0xD1, 0x02, 0x98, 0x05, 0xB0, 0xF0, 0xBC, 0x02, 0xBC, 0x08, 0x47, 0xC0, 0x46, 
    0x00, 0x00, 0x40, 0x08, 0xF0, 0xB5, 0x03, 0xAF, 0x85, 0xB0, 0x03, 0x92, 0x05, 0x00, 0x00, 0x20, 
    0x00, 0x2D, 0x00, 0xD1, 0x97, 0xE0, 0x00, 0x29, 0x00, 0xD1, 0x94, 0xE0, 0x03, 0x9A, 0x00, 0x2A, 
    0x00, 0xD1, 0x90, 0xE0, 0x72, 0x20, 0x4A, 0x4B, 0x02, 0x90, 0x18, 0x5A, 0x02, 0x22, 0x02, 0x40, 
    0x58, 0x6F, 0xC3, 0x43, 0x13, 0x43, 0x58, 0x1E, 0x9C, 0x46, 0x64, 0x46, 0x84, 0x41, 0x03, 0x98, 
    0x2E, 0x18, 0x00, 0x2B, 0x0B, 0xD0, 0xAE, 0x42, 0x18, 0xD2, 0x07, 0x22, 0x52, 0x06, 0x01, 0x20, 
    0x96, 0x42, 0x78, 0xD8, 0xEA, 0x0E, 0x76, 0xD0, 0xAE, 0x42, 0x1A, 0xD2, 0x73, 0xE0, 0x01, 0x20, 
    0xAE, 0x42, 0x70, 0xD3, 0x6A, 0x0E, 0x02, 0xD0, 0x3A, 0x4A, 0x96, 0x42, 0x11, 0xD3, 0x2A, 0x0E, 
    0x03, 0x2A, 0x68, 0xD3, 0x38, 0x4A, 0x96, 0x42, 0x0B, 0xD3, 0x64, 0xE0, 0x6A, 0x0E, 0x02, 0xD0, 
    0x34, 0x4A, 0x96, 0x42, 0x05, 0xD3, 0x2A, 0x0E, 0x03, 0x2A, 0xDE, 0xD3, 0x32, 0x4A, 0x96, 0x42, 
    0xDB, 0xD2, 0x00, 0x26, 0x04, 0x96, 0x04, 0xAA, 0x08, 0x00, 0x03, 0x99, 0x01, 0xF0, 0x34, 0xF8, 
    0x00, 0x28, 0x10, 0xD0, 0x04, 0x9A, 0x00, 0x2C, 0x29, 0x4C, 0x01, 0x92, 0x0D, 0xD0, 0x02, 0x98, 
    0x20, 0x5A, 0xC0, 0x07, 0x09, 0xD0, 0x60, 0x6F, 0x41, 0x1C, 0x06, 0xD0, 0x82, 0x42, 0x04, 0xD1, 
    0x00, 0xF0, 0x78, 0xFF, 0x03, 0xE0, 0x01, 0x20, 0x3D, 0xE0, 0x00, 0xF0, 0xBB, 0xFF, 0x20, 0x6E, 
    0x01, 0x99, 0x0B, 0x18, 0x02, 0x96, 0x31, 0x00, 0x6C, 0x18, 0x5E, 0x18, 0x32, 0x00, 0x22, 0x43, 
    0xD0, 0x07, 0x06, 0xD0, 0x68, 0x5C, 0x58, 0x54, 0x49, 0x1C, 0x03, 0x98, 0x88, 0x42, 0xF3, 0xD1, 
    0x28, 0xE0, 0x03, 0x98, 0x40, 0x1A, 0x92, 0x07, 0x0B, 0xD4, 0x04, 0x28, 0x1C, 0xD3, 0x00, 0x24, 
    0x1A, 0x19, 0x2E, 0x19, 0x76, 0x58, 0x56, 0x50, 0x24, 0x1D, 0x00, 0x1F, 0x03, 0x28, 0xF7, 0xD8, 
    0x0A, 0xE0, 0x02, 0x28, 0x0F, 0xD3, 0x00, 0x24, 0x1A, 0x19, 0x2E, 0x19, 0x76, 0x5A, 0x56, 0x52, 
    0xA4, 0x1C, 0x80, 0x1E, 0x01, 0x28, 0xF7, 0xD8, 0x5A, 0x18, 0x16, 0x19, 0x69, 0x18, 0x0C, 0x19, 
    0x00, 0x28, 0x01, 0xD1, 0x06, 0xE0, 0x01, 0x20, 0x21, 0x78, 0x31, 0x70, 0x76, 0x1C, 0x64, 0x1C, 
    0x40, 0x1E, 0xF9, 0xD1, 0x02, 0x98, 0x05, 0xB0, 0xF0, 0xBC, 0x02, 0xBC, 0x08, 0x47, 0xC0, 0x46, 
    0x00, 0x00, 0x40, 0x08, 0x01, 0x00, 0x04, 0x02, 0x01, 0x80, 0x00, 0x03, 0xF0, 0xB5, 0x03, 0xAF, 
    0x87, 0xB0, 0x06, 0x00, 0x00, 0x20, 0x00, 0x2E, 0x00, 0xD1, 0x9D, 0xE0, 0x00, 0x29, 0x00, 0xD1, 
    0x9A, 0xE0, 0x14, 0x00, 0x00, 0x2A, 0x00, 0xD1, 0x96, 0xE0, 0x03, 0x91, 0x00, 0xF0, 0x62, 0xFF, 
    0x72, 0x20, 0x4B, 0x49, 0x08, 0x5A, 0x80, 0x07, 0x1D, 0xD4, 0x48, 0x6F, 0x40, 0x1C, 0x1A, 0xD1, 
    0x00, 0x20, 0x05, 0x00, 0x04, 0x90, 0x04, 0xAA, 0x03, 0x98, 0x21, 0x00, 0x00, 0xF0, 0xB4, 0xFF, 
    0x00, 0x28, 0x3E, 0xD0, 0x42, 0x48, 0x00, 0x6E, 0x04, 0x9A, 0x11, 0x18, 0x50, 0x42, 0x32, 0x78, 
    0x0B, 0x78, 0x93, 0x42, 0x37, 0xD1, 0x49, 0x1C, 0x76, 0x1C, 0x64, 0x1E, 0x40, 0x1E, 0x00, 0x2C, 
    0xF5, 0xD1, 0x28, 0x00, 0x70, 0xE0, 0x00, 0x25, 0x05, 0x95, 0x05, 0xAA, 0x30, 0x00, 0x21, 0x00, 
    0x00, 0xF0, 0x9A, 0xFF, 0x36, 0x49, 0x0A, 0x6E, 0x05, 0x99, 0x02, 0x95, 0x06, 0x95, 0x01, 0x90, 
    0x00, 0x28, 0x01, 0xD1, 0x35, 0x00, 0x00, 0xE0, 0x8D, 0x18, 0x03, 0x98, 0x06, 0xAA, 0x21, 0x00, 
    0x00, 0xF0, 0x8A, 0xFF, 0x00, 0x28, 0x01, 0xD1, 0x03, 0x99, 0x03, 0xE0, 0x2C, 0x49, 0x09, 0x6E, 
    0x06, 0x9A, 0x51, 0x18, 0x01, 0x9A, 0x00, 0x2A, 0x1C, 0xD1, 0x32, 0x19, 0x0F, 0xD3, 0x07, 0x23, 
    0x5B, 0x06, 0x9A, 0x42, 0x03, 0xD8, 0xF3, 0x0E, 0x01, 0xD0, 0xB2, 0x42, 0x12, 0xD2, 0x03, 0x98, 
    0x42, 0xE0, 0x01, 0x20, 0x40, 0xE0, 0x22, 0x49, 0xC9, 0x6E, 0x08, 0x1A, 0x3C, 0xE0, 0x73, 0x0E, 
    0x02, 0xD0, 0x20, 0x4B, 0x9A, 0x42, 0x05, 0xD3, 0x33, 0x0E, 0x03, 0x2B, 0xE7, 0xD3, 0x1E, 0x4B, 
    0x9A, 0x42, 0xE4, 0xD2, 0x03, 0x9B, 0x1A, 0x19, 0x1A, 0xD2, 0x03, 0x9B, 0x5B, 0x0E, 0x03, 0xD0, 
    0x18, 0x4B, 0x9A, 0x42, 0x03, 0x9B, 0x19, 0xD3, 0x01, 0x23, 0x00, 0x26, 0x01, 0x96, 0x16, 0x4E, 
    0xB2, 0x42, 0x02, 0x93, 0x9C, 0x46, 0x62, 0x46, 0x00, 0xD3, 0x01, 0x9A, 0x03, 0x9E, 0x36, 0x0E, 
    0x02, 0x2E, 0x01, 0xD8, 0x01, 0x9B, 0x02, 0x93, 0x02, 0x9B, 0x13, 0x40, 0x02, 0x93, 0x03, 0x9B, 
    0x02, 0x9A, 0x10, 0x43, 0x01, 0x28, 0x9C, 0x46, 0x60, 0x46, 0x0D, 0xD1, 0x00, 0x26, 0x08, 0x78, 
    0x2A, 0x78, 0x90, 0x42, 0x07, 0xD1, 0x49, 0x1C, 0x6D, 0x1C, 0x64, 0x1E, 0x5B, 0x1C, 0x00, 0x2C, 
    0xF5, 0xD1, 0x30, 0x00, 0x00, 0xE0, 0x18, 0x00, 0x07, 0xB0, 0xF0, 0xBC, 0x02, 0xBC, 0x08, 0x47, 
    0x00, 0x00, 0x40, 0x08, 0x01, 0x00, 0x04, 0x02, 0x01, 0x80, 0x00, 0x03, 0xB0, 0xB5, 0x02, 0xAF, 
    0x88, 0xB0, 0x00, 0xF0, 0xBF, 0xFE, 0x05, 0xAC, 0x20, 0x00, 0x00, 0xF0, 0x47, 0xFF, 0x20, 0x7A, 
    0x01, 0x28, 0x0F, 0xD1, 0x0F, 0x49, 0x88, 0x6E, 0x02, 0x24, 0x00, 0x28, 0x14, 0xD0, 0x09, 0x6E, 
    0x05, 0x9A, 0x13, 0x78, 0x0D, 0x78, 0xAB, 0x42, 0x04, 0xD1, 0x52, 0x1C, 0x49, 0x1C, 0x40, 0x1E, 
    0xF7, 0xD1, 0x09, 0xE0, 0x6D, 0x46, 0x28, 0x00, 0x00, 0xF0, 0x66, 0xFF, 0x00, 0xF0, 0xAA, 0xFF, 
    0x04, 0x00, 0x28, 0x00, 0x01, 0xF0, 0xDC, 0xF8, 0x20, 0x00, 0x08, 0xB0, 0xB0, 0xBC, 0x02, 0xBC, 
    0x08, 0x47, 0xC0, 0x46, 0x00, 0x00, 0x40, 0x08, 0xF0, 0xB5, 0x03, 0xAF, 0x8D, 0xB0, 0x00, 0xF0, 
    0x91, 0xFE, 0xC1, 0x4D, 0xA9, 0x6E, 0x02, 0x26, 0x00, 0x29, 0x00, 0xD1, 0xC6, 0xE0, 0x2C, 0x6E, 
    0xAA, 0x6D, 0x13, 0x78, 0x20, 0x00, 0x24, 0x78, 0xA3, 0x42, 0x0E, 0xD1, 0x07, 0x96, 0x01, 0x24, 
    0x23, 0x00, 0xA1, 0x42, 0x04, 0xD0, 0xD5, 0x5C, 0xC6, 0x5C, 0x5C, 0x1C, 0xB5, 0x42, 0xF7, 0xD0, 
    0x8B, 0x42, 0xB5, 0x4D, 0x07, 0x9E, 0x00, 0xD3, 0xB0, 0xE0, 0x08, 0xA8, 0x00, 0xF0, 0x34, 0xFF, 
    0x68, 0x89, 0x04, 0x28, 0x03, 0xD1, 0x02, 0xF0, 0x59, 0xFA, 0x07, 0x90, 0xA2, 0xE0, 0xA8, 0x6E, 
    0x00, 0x21, 0x00, 0x28, 0x49, 0xD0, 0x05, 0x91, 0xAC, 0x6D, 0x2E, 0x6E, 0x23, 0x78, 0x32, 0x78, 
    0x93, 0x42, 0x16, 0xD1, 0x03, 0x92, 0x43, 0x1E, 0x04, 0x94, 0x64, 0x1C, 0x06, 0x96, 0x76, 0x1C, 
    0x00, 0x25, 0x07, 0x95, 0xAB, 0x42, 0x00, 0xD1, 0x8C, 0xE0, 0x62, 0x5D, 0x71, 0x5D, 0x6D, 0x1C, 
    0x8A, 0x42, 0xF7, 0xD0, 0x85, 0x42, 0xA0, 0x4D, 0x06, 0x9E, 0x04, 0x9C, 0x03, 0x9A, 0x00, 0xD3, 
    0x80, 0xE0, 0x21, 0x78, 0x11, 0x40, 0x91, 0x42, 0x0B, 0xD1, 0x01, 0x22, 0x90, 0x42, 0x26, 0xD0, 
    0xA1, 0x5C, 0xB3, 0x5C, 0x19, 0x40, 0x52, 0x1C, 0x99, 0x42, 0xF7, 0xD0, 0x51, 0x1E, 0x81, 0x42, 
    0x1D, 0xD2, 0x28, 0x8A, 0xE8, 0x28, 0x59, 0xD0, 0x95, 0x49, 0x96, 0x4A, 0x00, 0x20, 0x53, 0x1A, 
    0x32, 0xD0, 0x06, 0x96, 0x92, 0x4C, 0x13, 0x1B, 0x90, 0x4A, 0x15, 0x00, 0x21, 0x00, 0x2E, 0x00, 
    0x26, 0x43, 0xF6, 0x07, 0x2A, 0xD0, 0x0E, 0x78, 0x16, 0x70, 0x6D, 0x1C, 0x64, 0x1C, 0x5B, 0x1E, 
    0x52, 0x1C, 0x49, 0x1C, 0x00, 0x2B, 0xF2, 0xD1, 0x21, 0xE0, 0x07, 0x91, 0x52, 0xE0, 0x28, 0x8A, 
    0xE8, 0x28, 0x00, 0xD1, 0x9F, 0xE0, 0x86, 0x4A, 0x86, 0x48, 0x00, 0x21, 0x83, 0x1A, 0x78, 0xD0, 
    0x06, 0x96, 0x83, 0x4D, 0x44, 0x1B, 0x81, 0x4B, 0x18, 0x00, 0x2A, 0x00, 0x06, 0x00, 0x2E, 0x43, 
    0xF6, 0x07, 0x70, 0xD0, 0x16, 0x78, 0x1E, 0x70, 0x40, 0x1C, 0x6D, 0x1C, 0x64, 0x1E, 0x5B, 0x1C, 
    0x52, 0x1C, 0x00, 0x2C, 0xF2, 0xD1, 0x67, 0xE0, 0x78, 0x4A, 0x02, 0xE0, 0x18, 0x00, 0x76, 0x4D, 
    0x06, 0x9E, 0x0B, 0x00, 0x13, 0x43, 0x9B, 0x07, 0x09, 0xD0, 0x02, 0x28, 0x0E, 0xD3, 0x0B, 0x88, 
    0x13, 0x80, 0x80, 0x1E, 0x92, 0x1C, 0x89, 0x1C, 0x01, 0x28, 0xF8, 0xD8, 0x06, 0xE0, 0x04, 0x28, 
    0x04, 0xD3, 0x08, 0xC9, 0x08, 0xC2, 0x00, 0x1F, 0x03, 0x28, 0xFA, 0xD8, 0x00, 0x28, 0x05, 0xD0, 
    0x0B, 0x78, 0x13, 0x70, 0x52, 0x1C, 0x49, 0x1C, 0x40, 0x1E, 0xF9, 0xD1, 0x01, 0x24, 0x6A, 0x4A, 
    0x10, 0x00, 0xA0, 0x43, 0x66, 0x49, 0x40, 0x1A, 0x20, 0x43, 0x64, 0x49, 0x40, 0x18, 0x29, 0x8A, 
    0xE8, 0x29, 0x00, 0xD0, 0x02, 0x00, 0x05, 0x90, 0xE8, 0x6D, 0x00, 0xF0, 0xCD, 0xF8, 0x07, 0x90, 
    0x00, 0x28, 0x08, 0xD0, 0x08, 0xA8, 0x01, 0xF0, 0x03, 0xF8, 0x07, 0x9E, 0x30, 0x00, 0x0D, 0xB0, 
    0xF0, 0xBC, 0x02, 0xBC, 0x08, 0x47, 0x06, 0x96, 0xA8, 0x6D, 0x07, 0x90, 0xE8, 0x6D, 0xAB, 0x6E, 
    0x29, 0x8A, 0x00, 0x22, 0x00, 0x92, 0x01, 0x93, 0x02, 0x91, 0x58, 0x4D, 0x2B, 0x00, 0xA3, 0x43, 
    0x53, 0x4E, 0x9B, 0x1B, 0x23, 0x43, 0x51, 0x4C, 0x1C, 0x19, 0xE8, 0x29, 0x00, 0xD0, 0x25, 0x00, 
    0x07, 0x99, 0x13, 0x00, 0x00, 0xF0, 0xA9, 0xF8, 0x00, 0x28, 0x00, 0xD0, 0x35, 0xE7, 0x25, 0x00, 
    0x00, 0xF0, 0xB8, 0xFC, 0x48, 0x4C, 0x21, 0x8A, 0xE8, 0x29, 0x51, 0xD0, 0x06, 0x9E, 0x05, 0x9A, 
    0x50, 0xE0, 0x46, 0x4B, 0x02, 0xE0, 0x21, 0x00, 0x43, 0x4D, 0x06, 0x9E, 0x10, 0x00, 0x18, 0x43, 
    0x80, 0x07, 0x09, 0xD0, 0x02, 0x29, 0x0E, 0xD3, 0x10, 0x88, 0x18, 0x80, 0x89, 0x1E, 0x9B, 0x1C, 
    0x92, 0x1C, 0x01, 0x29, 0xF8, 0xD8, 0x06, 0xE0, 0x04, 0x29, 0x04, 0xD3, 0x01, 0xCA, 0x01, 0xC3, 
    0x09, 0x1F, 0x03, 0x29, 0xFA, 0xD8, 0x00, 0x29, 0x05, 0xD0, 0x10, 0x78, 0x18, 0x70, 0x5B, 0x1C, 
    0x52, 0x1C, 0x49, 0x1E, 0xF9, 0xD1, 0x3B, 0x4C, 0x2B, 0x8A, 0xE8, 0x2B, 0x06, 0xD0, 0x01, 0x20, 
    0x84, 0x43, 0x33, 0x49, 0x61, 0x1A, 0x01, 0x43, 0x30, 0x48, 0x0C, 0x18, 0xAA, 0x6E, 0xA8, 0x6D, 
    0x31, 0x00, 0x00, 0xF0, 0x6B, 0xF8, 0x00, 0x28, 0x00, 0xD0, 0xF6, 0xE6, 0xA8, 0x6E, 0x00, 0x28, 
    0x14, 0xD0, 0x2B, 0x6E, 0xAA, 0x6D, 0x11, 0x78, 0x1C, 0x78, 0x2D, 0x4D, 0x07, 0x95, 0xA1, 0x42, 
    0x90, 0xD1, 0x41, 0x1E, 0x52, 0x1C, 0x5C, 0x1C, 0x00, 0x23, 0x99, 0x42, 0x06, 0xD0, 0xD5, 0x5C, 
    0xE6, 0x5C, 0x5B, 0x1C, 0xB5, 0x42, 0xF8, 0xD0, 0x83, 0x42, 0x83, 0xD3, 0x05, 0x98, 0xDC, 0xE6, 
    0x21, 0x4A, 0x06, 0x9E, 0xA0, 0x6D, 0x00, 0xF0, 0x47, 0xF8, 0x00, 0x28, 0x00, 0xD0, 0xD4, 0xE6, 
    0xA0, 0x6D, 0xE1, 0x6D, 0xA2, 0x6E, 0x23, 0x8A, 0x00, 0x92, 0x01, 0x92, 0x02, 0x93, 0xE8, 0x2B, 
    0x01, 0xD0, 0x07, 0x95, 0x01, 0xE0, 0x19, 0x4A, 0x07, 0x92, 0x00, 0x25, 0x32, 0x00, 0x2B, 0x00, 
    0x07, 0x9E, 0x00, 0xF0, 0x34, 0xF8, 0x00, 0x28, 0x00, 0xD0, 0xBE, 0xE6, 0xA0, 0x6E, 0x00, 0x28, 
    0x17, 0xD0, 0x23, 0x6E, 0xA2, 0x6D, 0x11, 0x78, 0x11, 0x4C, 0x64, 0x1C, 0x07, 0x94, 0x1C, 0x78, 
    0xA1, 0x42, 0x00, 0xD0, 0x56, 0xE7, 0x2E, 0x00, 0x41, 0x1E, 0x52, 0x1C, 0x5B, 0x1C, 0xB1, 0x42, 
    0x07, 0xD0, 0x94, 0x5D, 0x9D, 0x5D, 0x76, 0x1C, 0xAC, 0x42, 0xF8, 0xD0, 0x86, 0x42, 0x00, 0xD2, 
    0x48, 0xE7, 0x00, 0x20, 0xA1, 0xE6, 0xC0, 0x46, 0x00, 0x00, 0x40, 0x08, 0x00, 0xC0, 0x03, 0x02, 
    0x24, 0x3A, 0x40, 0x08, 0x44, 0x42, 0x40, 0x08, 0x35, 0x41, 0x40, 0x08, 0x11, 0x3F, 0x40, 0x08, 
    0x03, 0xE5, 0x00, 0x00, 0x59, 0x3D, 0x40, 0x08, 0x10, 0x47, 0x28, 0x47, 0x20, 0x47, 0x30, 0x47, 
    0x00, 0x20, 0x70, 0x47, 0x0F, 0x40, 0x2D, 0xE9, 0x08, 0xE0, 0x8F, 0xE2, 0xE4, 0x31, 0x9F, 0xE5, 
    0x01, 0x30, 0x83, 0xE3, 0x13, 0xFF, 0x2F, 0xE1, 0x00, 0xC0, 0xA0, 0xE1, 0x0F, 0x40, 0xBD, 0xE8, 
    0x1C, 0xFF, 0x2F, 0xE1, 0x1E, 0xFF, 0x2F, 0xE1, 0x08, 0xE0, 0x8F, 0xE2, 0xC8, 0x31, 0x9F, 0xE5, 
    0x01, 0x30, 0x83, 0xE3, 0x13, 0xFF, 0x2F, 0xE1, 0x18, 0x00, 0x8D, 0xE5, 0x0F, 0xD0, 0xBD, 0xE8, 
    0x00, 0x00, 0x00, 0x00, 0x00, 0x00, 0x00, 0x00, 0x1C, 0x00, 0x00, 0xEA, 0xAC, 0x21, 0x9F, 0xE5, 
    0xB0, 0x30, 0xD2, 0xE1, 0x03, 0x3B, 0xA0, 0xE1, 0x23, 0x3B, 0xA0, 0xE1, 0xF9, 0x00, 0x53, 0xE3, 
    0x16, 0x00, 0x00, 0x1A, 0x98, 0x21, 0x9F, 0xE5, 0x98, 0x31, 0x9F, 0xE5, 0x00, 0x30, 0x82, 0xE5, 
    0x9F, 0x30, 0xA0, 0xE3, 0x03, 0xF0, 0x21, 0xE1, 0x00, 0x40, 0x2D, 0xE9, 0x08, 0xE0, 0x8F, 0xE2, 
    0x84, 0x31, 0x9F, 0xE5, 0x01, 0x30, 0x83, 0xE3, 0x13, 0xFF, 0x2F, 0xE1, 0x00, 0x40, 0xBD, 0xE8, 
    0x92, 0x30, 0xA0, 0xE3, 0x03, 0xF0, 0x21, 0xE1, 0x08, 0x00, 0x00, 0xEA, 0x5C, 0x21, 0x9F, 0xE5, 
    0xB0, 0x30, 0xD2, 0xE1, 0x03, 0x3B, 0xA0, 0xE1, 0x23, 0x3B, 0xA0, 0xE1, 0xF9, 0x00, 0x53, 0xE3, 
    0x02, 0x00, 0x00, 0x0A, 0x48, 0x21, 0x9F, 0xE5, 0x50, 0x31, 0x9F, 0xE5, 0x00, 0x30, 0x82, 0xE5, 
    0x4C, 0x11, 0x9F, 0xE5, 0x00, 0x10, 0x91, 0xE5, 0x00, 0x30, 0x91, 0xE5, 0x00, 0x00, 0x53, 0xE3, 
    0x01, 0x00, 0x00, 0x1A, 0x3C, 0x11, 0x9F, 0xE5, 0x00, 0x30, 0x91, 0xE5, 0x01, 0x03, 0xA0, 0xE3, 
    0x13, 0xFF, 0x2F, 0xE1, 0x1C, 0xD0, 0x4D, 0xE2, 0x0F, 0x50, 0x8D, 0xE8, 0x0C, 0x21, 0x9F, 0xE5, 
    0xB0, 0x30, 0xD2, 0xE1, 0x03, 0x3B, 0xA0, 0xE1, 0x23, 0x3B, 0xA0, 0xE1, 0xF9, 0x00, 0x53, 0xE3, 
    0x10, 0x00, 0x00, 0x1A, 0x10, 0x21, 0x9F, 0xE5, 0x00, 0x30, 0xD2, 0xE5, 0x00, 0x00, 0x53, 0xE3, 
    0xC4, 0xFF, 0xFF, 0x1A, 0x01, 0x30, 0xA0, 0xE3, 0x00, 0x30, 0xC2, 0xE5, 0x9F, 0x30, 0xA0, 0xE3, 
    0x03, 0xF0, 0x21, 0xE1, 0xFF, 0x5F, 0x2D, 0xE9, 0x08, 0xE0, 0x8F, 0xE2, 0xEC, 0x30, 0x9F, 0xE5, 
    0x01, 0x30, 0x83, 0xE3, 0x13, 0xFF, 0x2F, 0xE1, 0xFF, 0x5F, 0xBD, 0xE8, 0x92, 0x30, 0xA0, 0xE3, 
    0x03, 0xF0, 0x21, 0xE1, 0xB7, 0xFF, 0xFF, 0xEA, 0xCC, 0x20, 0x9F, 0xE5, 0x00, 0x30, 0xA0, 0xE3, 
    0x00, 0x30, 0xC2, 0xE5, 0xB3, 0xFF, 0xFF, 0xEA, 0xF0, 0xB5, 0xE8, 0x24, 0xA3, 0x42, 0x02, 0xD1, 
    0xFE, 0xF7, 0xDA, 0xFE, 0xF0, 0xBD, 0x40, 0x24, 0xA3, 0x42, 0x03, 0xD0, 0xE7, 0x20, 0x00, 0x02, 
    0x20, 0x30, 0xF0, 0xBD, 0x05, 0x1C, 0x0E, 0x1C, 0x17, 0x1C, 0xA2, 0xB0, 0x00, 0xAC, 0x29, 0x48, 
    0x01, 0x23, 0x98, 0x43, 0x28, 0x49, 0x01, 0x23, 0x99, 0x43, 0x22, 0x1C, 0x88, 0x42, 0x04, 0xD2, 
    0x03, 0x88, 0x13, 0x80, 0x02, 0x30, 0x02, 0x32, 0xF8, 0xE7, 0x28, 0x1C, 0x31, 0x1C, 0x3A, 0x1C, 
    0x22, 0x4B, 0x9E, 0x46, 0x63, 0x1C, 0x18, 0x47, 0x22, 0xB0, 0xF0, 0xBD, 0x30, 0xB5, 0xE8, 0x24, 
    0xA1, 0x42, 0x02, 0xD1, 0xFE, 0xF7, 0xBE, 0xFE, 0x30, 0xBD, 0x40, 0x24, 0xA1, 0x42, 0x03, 0xD0, 
    0xE7, 0x20, 0x00, 0x02, 0x21, 0x30, 0x30, 0xBD, 0x05, 0x1C, 0x96, 0xB0, 0x00, 0xAC, 0x18, 0x48, 
    0x01, 0x23, 0x98, 0x43, 0x17, 0x49, 0x01, 0x23, 0x99, 0x43, 0x22, 0x1C, 0x88, 0x42, 0x04, 0xD2, 
    0x03, 0x88, 0x13, 0x80, 0x02, 0x30, 0x02, 0x32, 0xF8, 0xE7, 0x28, 0x1C, 0x12, 0x4B, 0x9E, 0x46, 
    0x63, 0x1C, 0x18, 0x47, 0x16, 0xB0, 0x30, 0xBD, 0x55, 0x0B, 0x40, 0x08, 0x0D, 0x0B, 0x40, 0x08, 
    0x30, 0x01, 0x00, 0x04, 0xFC, 0x7F, 0x00, 0x03, 0x8C, 0x13, 0x40, 0x08, 0x5D, 0x0F, 0x40, 0x08, 
    0x3C, 0x13, 0x40, 0x08, 0x30, 0x13, 0x40, 0x08, 0x34, 0x13, 0x40, 0x08, 0xE8, 0xBF, 0x03, 0x02, 
    0xB9, 0x0F, 0x40, 0x08, 0x49, 0x39, 0x40, 0x08, 0xCE, 0x39, 0x40, 0x08, 0x99, 0x14, 0x40, 0x08, 
    0xCF, 0x39, 0x40, 0x08, 0x24, 0x3A, 0x40, 0x08, 0xE5, 0x14, 0x40, 0x08, 0xF0, 0xB5, 0x03, 0xAF, 
    0x85, 0xB0, 0x1D, 0x00, 0x14, 0x00, 0x00, 0x91, 0x01, 0x00, 0x01, 0xAE, 0x30, 0x00, 0x00, 0xF0, 
    0x35, 0xFE, 0x03, 0x98, 0x00, 0x28, 0x19, 0xD4, 0xB0, 0x88, 0x22, 0x49, 0x88, 0x42, 0x15, 0xD0, 
    0x01, 0x98, 0x00, 0x99, 0x41, 0x18, 0x00, 0x20, 0x00, 0x2D, 0x1A, 0xD0, 0x0A, 0x00, 0x23, 0x00, 
    0x26, 0x00, 0x0E, 0x43, 0xF6, 0x07, 0x11, 0xD0, 0x16, 0x78, 0x1E, 0x70, 0x64, 0x1C, 0x49, 0x1C, 
    0x6D, 0x1E, 0x5B, 0x1C, 0x52, 0x1C, 0x00, 0x2D, 0xF2, 0xD1, 0x08, 0xE0, 0x00, 0x2D, 0x25, 0xD0, 
    0xFF, 0x20, 0x20, 0x70, 0x64, 0x1C, 0x6D, 0x1E, 0xFB, 0xD1, 0x1F, 0xE0, 0x28, 0x00, 0x1C, 0x00, 
    0x11, 0x00, 0x0A, 0x00, 0x22, 0x43, 0x92, 0x07, 0x09, 0xD0, 0x02, 0x28, 0x0E, 0xD3, 0x0A, 0x88, 
    0x22, 0x80, 0x80, 0x1E, 0xA4, 0x1C, 0x89, 0x1C, 0x01, 0x28, 0xF8, 0xD8, 0x06, 0xE0, 0x04, 0x28, 
    0x04, 0xD3, 0x04, 0xC9, 0x04, 0xC4, 0x00, 0x1F, 0x03, 0x28, 0xFA, 0xD8, 0x00, 0x28, 0x05, 0xD0, 
    0x0A, 0x78, 0x22, 0x70, 0x64, 0x1C, 0x49, 0x1C, 0x40, 0x1E, 0xF9, 0xD1, 0x05, 0xB0, 0xF0, 0xBC, 
    0x01, 0xBC, 0x00, 0x47, 0xA5, 0x5A, 0x00, 0x00, 0xF0, 0xB5, 0x03, 0xAF, 0x87, 0xB0, 0x15, 0x00, 
    0x06, 0x00, 0x01, 0x20, 0x00, 0x2A, 0x3E, 0xD0, 0x1C, 0x00, 0x0A, 0x00, 0x20, 0x4B, 0x99, 0x8C, 
    0xB1, 0x42, 0x38, 0xD9, 0xD9, 0x69, 0x89, 0x1A, 0x35, 0xD3, 0xA1, 0x42, 0x33, 0xD3, 0x03, 0xA8, 
    0x01, 0x90, 0x31, 0x00, 0x02, 0x92, 0x00, 0xF0, 0xD1, 0xFD, 0x02, 0x9B, 0x18, 0x49, 0x48, 0x8D, 
    0x40, 0x1E, 0x30, 0x40, 0xC9, 0x69, 0x41, 0x43, 0x58, 0x18, 0x07, 0x21, 0x49, 0x06, 0x41, 0x18, 
    0x05, 0x98, 0x00, 0x28, 0x14, 0xD4, 0x01, 0x98, 0x80, 0x88, 0x12, 0x4A, 0x90, 0x42, 0x0F, 0xD0, 
    0x00, 0x20, 0x00, 0x2C, 0x17, 0xD0, 0x03, 0x9A, 0xD2, 0x18, 0x13, 0x78, 0x2E, 0x78, 0xB3, 0x42, 
    0x10, 0xD1, 0x52, 0x1C, 0x6D, 0x1C, 0x64, 0x1E, 0x49, 0x1C, 0x00, 0x2C, 0xF5, 0xD1, 0x0A, 0xE0, 
    0x00, 0x20, 0x00, 0x2C, 0x07, 0xD0, 0x2A, 0x78, 0xFF, 0x2A, 0x03, 0xD1, 0x6D, 0x1C, 0x64, 0x1E, 
    0x49, 0x1C, 0xF6, 0xE7, 0x08, 0x00, 0x07, 0xB0, 0xF0, 0xBC, 0x02, 0xBC, 0x08, 0x47, 0xC0, 0x46, 
    0x00, 0x00, 0x40, 0x08, 0xA5, 0x5A, 0x00, 0x00, 0xF0, 0xB5, 0x03, 0xAF, 0x85, 0xB0, 0x01, 0x25, 
    0x00, 0x29, 0x00, 0xD1, 0xC4, 0xE0, 0x0C, 0x00, 0x06, 0x00, 0x65, 0x49, 0x88, 0x8C, 0xB0, 0x42, 
    0x00, 0xD8, 0xBD, 0xE0, 0xCB, 0x69, 0x18, 0x19, 0x00, 0xD3, 0xB9, 0xE0, 0x61, 0x0E, 0x02, 0xD0, 
    0x60, 0x49, 0x88, 0x42, 0x07, 0xD3, 0x21, 0x0E, 0x03, 0x29, 0x00, 0xD2, 0xB0, 0xE0, 0x5E, 0x49, 
    0x88, 0x42, 0x00, 0xD9, 0xAC, 0xE0, 0x00, 0x25, 0x30, 0x00, 0x29, 0x00, 0x22, 0x00, 0x00, 0xF0, 
    0xFF, 0xFD, 0x00, 0x28, 0x00, 0xD0, 0xA3, 0xE0, 0x03, 0xA8, 0x31, 0x00, 0x00, 0xF0, 0x52, 0xFE, 
    0x56, 0x4D, 0x04, 0x99, 0x00, 0x29, 0x00, 0xD5, 0x9A, 0xE0, 0x55, 0x48, 0x06, 0x40, 0x03, 0x98, 
    0x02, 0x22, 0x33, 0x00, 0x00, 0xF0, 0xBE, 0xFE, 0x00, 0x28, 0x00, 0xD0, 0x8F, 0xE0, 0x4C, 0x48, 
    0x00, 0x8A, 0x50, 0x4E, 0xE8, 0x28, 0x3A, 0xD0, 0x4F, 0x4A, 0x50, 0x48, 0x00, 0x21, 0x83, 0x1A, 
    0x13, 0xD0, 0x02, 0x94, 0x33, 0x00, 0x4C, 0x4E, 0x85, 0x1B, 0x1C, 0x00, 0x32, 0x00, 0x20, 0x00, 
    0x30, 0x43, 0xC0, 0x07, 0x0B, 0xD0, 0x10, 0x78, 0x18, 0x70, 0x64, 0x1C, 0x76, 0x1C, 0x6D, 0x1E, 
    0x5B, 0x1C, 0x52, 0x1C, 0x00, 0x2D, 0xF2, 0xD1, 0x02, 0xE0, 0x33, 0x00, 0x02, 0xE0, 0x29, 0x00, 
    0x02, 0x9C, 0x40, 0x4E, 0x10, 0x00, 0x18, 0x43, 0x80, 0x07, 0x09, 0xD0, 0x02, 0x29, 0x0E, 0xD3, 
    0x10, 0x88, 0x18, 0x80, 0x89, 0x1E, 0x9B, 0x1C, 0x92, 0x1C, 0x01, 0x29, 0xF8, 0xD8, 0x06, 0xE0, 
    0x04, 0x29, 0x04, 0xD3, 0x01, 0xCA, 0x01, 0xC3, 0x09, 0x1F, 0x03, 0x29, 0xFA, 0xD8, 0x00, 0x29, 
    0x05, 0xD0, 0x10, 0x78, 0x18, 0x70, 0x5B, 0x1C, 0x52, 0x1C, 0x49, 0x1E, 0xF9, 0xD1, 0x00, 0x21, 
    0x04, 0x98, 0x02, 0x90, 0x03, 0x9B, 0x2A, 0x4A, 0x3F, 0x2B, 0x07, 0xD8, 0x50, 0x8E, 0x83, 0x42, 
    0x04, 0xD2, 0x98, 0x00, 0x10, 0x18, 0x21, 0x21, 0xC9, 0x00, 0x41, 0x58, 0x01, 0x93, 0x2C, 0x4D, 
    0x13, 0x8A, 0xE8, 0x2B, 0x06, 0xD0, 0x01, 0x20, 0x85, 0x43, 0x27, 0x4A, 0xAA, 0x1A, 0x02, 0x43, 
    0x95, 0x19, 0x1F, 0x4A, 0xD2, 0x69, 0x02, 0x98, 0x50, 0x43, 0x46, 0x18, 0x30, 0x00, 0x21, 0x00, 
    0x00, 0xF0, 0x4E, 0xF8, 0x00, 0x28, 0x2A, 0xD1, 0x22, 0x4A, 0x01, 0x98, 0x02, 0x99, 0x00, 0xF0, 
    0x01, 0xFF, 0x00, 0x28, 0x23, 0xD1, 0x16, 0x48, 0xC0, 0x69, 0x00, 0x28, 0x18, 0x4B, 0x07, 0xD0, 
    0x31, 0x78, 0x22, 0x78, 0x91, 0x42, 0x20, 0xD1, 0x76, 0x1C, 0x64, 0x1C, 0x40, 0x1E, 0xF7, 0xD1, 
    0x19, 0x4A, 0x38, 0x32, 0x1A, 0x40, 0x01, 0x9C, 0x20, 0x00, 0x02, 0x9E, 0x31, 0x00, 0x00, 0xF0, 
    0xE9, 0xFE, 0x00, 0x28, 0x0B, 0xD1, 0x15, 0x4A, 0x20, 0x00, 0x31, 0x00, 0x00, 0xF0, 0xFE, 0xFE, 
    0x00, 0x28, 0x04, 0xD1, 0x20, 0x00, 0x31, 0x00, 0x0F, 0x4A, 0x00, 0xF0, 0xDB, 0xFE, 0x05, 0x00, 
    0x28, 0x00, 0x05, 0xB0, 0xF0, 0xBC, 0x02, 0xBC, 0x08, 0x47, 0x04, 0x48, 0x45, 0x1C, 0xF7, 0xE7, 
    0x00, 0x00, 0x40, 0x08, 0x01, 0x00, 0x04, 0x02, 0x00, 0x80, 0x00, 0x03, 0x01, 0xE3, 0x00, 0x00, 
    0xFF, 0xFF, 0x00, 0x00, 0x00, 0xC0, 0x03, 0x02, 0x24, 0x3A, 0x40, 0x08, 0x44, 0x42, 0x40, 0x08, 
    0x59, 0x3D, 0x40, 0x08, 0xFC, 0xFF, 0x00, 0x00, 0xC0, 0xFF, 0x00, 0x00, 0x5A, 0xA5, 0x00, 0x00, 
    0x28, 0x47, 0xC0, 0x46, 0xF0, 0xB5, 0x03, 0xAF, 0x8F, 0xB0, 0x06, 0x00, 0x01, 0x20, 0x00, 0x2A, 
    0x00, 0xD1, 0xC3, 0xE0, 0x14, 0x00, 0x0D, 0x00, 0x62, 0x4A, 0x91, 0x8C, 0xB1, 0x42, 0x00, 0xD8, 
    0xBC, 0xE0, 0xD1, 0x69, 0x49, 0x1B, 0x00, 0xD2, 0xB8, 0xE0, 0x99, 0x42, 0x00, 0xD2, 0xB5, 0xE0, 
    0x30, 0x00, 0x29, 0x00, 0x22, 0x00, 0x08, 0x93, 0x00, 0xF0, 0x1A, 0xFD, 0x00, 0x28, 0x01, 0xD0, 
    0x00, 0x20, 0xAB, 0xE0, 0x0D, 0xA8, 0x31, 0x00, 0x00, 0xF0, 0x6C, 0xFD, 0x0E, 0x99, 0x00, 0x29, 
    0x1B, 0xD4, 0x06, 0x94, 0x55, 0x48, 0x33, 0x00, 0x03, 0x40, 0x0D, 0x98, 0x03, 0x22, 0x07, 0x90, 
    0x0C, 0x00, 0x00, 0xF0, 0xD7, 0xFD, 0x00, 0x28, 0x00, 0xD0, 0x97, 0xE0, 0x05, 0x94, 0x09, 0xA8, 
    0x31, 0x00, 0x00, 0xF0, 0x73, 0xFC, 0x0A, 0x99, 0x4C, 0x48, 0x01, 0x40, 0x00, 0x26, 0xF0, 0x43, 
    0x4B, 0x4A, 0x91, 0x42, 0x03, 0xD0, 0x03, 0x00, 0x02, 0xE0, 0x47, 0x48, 0x86, 0xE0, 0x09, 0x9B, 
    0x44, 0x4A, 0x0B, 0x99, 0x00, 0x29, 0x00, 0xDA, 0x03, 0x00, 0x07, 0x98, 0x3F, 0x28, 0x05, 0x99, 
    0x0A, 0xD8, 0x50, 0x8E, 0x07, 0x9C, 0x84, 0x42, 0x07, 0x98, 0x05, 0xD2, 0x80, 0x00, 0x10, 0x18, 
    0x21, 0x21, 0xC9, 0x00, 0x46, 0x58, 0x05, 0x99, 0x04, 0x96, 0x07, 0x93, 0xD0, 0x69, 0x41, 0x43, 
    0x10, 0x8A, 0xE8, 0x28, 0x3B, 0xD0, 0x05, 0x91, 0x3B, 0x4E, 0x3C, 0x48, 0x00, 0x23, 0x81, 0x1B, 
    0x13, 0xD0, 0x03, 0x95, 0x38, 0x49, 0x40, 0x1A, 0x36, 0x4A, 0x15, 0x00, 0x0E, 0x00, 0x2C, 0x00, 
    0x0C, 0x43, 0xE4, 0x07, 0x0B, 0xD0, 0x34, 0x78, 0x14, 0x70, 0x6D, 0x1C, 0x49, 0x1C, 0x40, 0x1E, 
    0x52, 0x1C, 0x76, 0x1C, 0x00, 0x28, 0xF2, 0xD1, 0x02, 0xE0, 0x2E, 0x4A, 0x01, 0xE0, 0x03, 0x00, 
    0x03, 0x9D, 0x30, 0x00, 0x10, 0x43, 0x80, 0x07, 0x05, 0x99, 0x09, 0xD0, 0x02, 0x2B, 0x0E, 0xD3, 
    0x30, 0x88, 0x10, 0x80, 0x9B, 0x1E, 0x92, 0x1C, 0xB6, 0x1C, 0x01, 0x2B, 0xF8, 0xD8, 0x06, 0xE0, 
    0x04, 0x2B, 0x04, 0xD3, 0x01, 0xCE, 0x01, 0xC2, 0x1B, 0x1F, 0x03, 0x2B, 0xFA, 0xD8, 0x00, 0x2B, 
    0x05, 0xD0, 0x30, 0x78, 0x10, 0x70, 0x52, 0x1C, 0x76, 0x1C, 0x5B, 0x1E, 0xF9, 0xD1, 0x04, 0x98, 
    0x08, 0x18, 0x18, 0x4A, 0xD1, 0x69, 0x12, 0x8A, 0x08, 0x9B, 0x00, 0x93, 0x01, 0x91, 0x02, 0x92, 
    0x1B, 0x4C, 0xE8, 0x2A, 0x06, 0xD0, 0x01, 0x21, 0x8C, 0x43, 0x17, 0x4A, 0xA2, 0x1A, 0x0A, 0x43, 
    0x14, 0x49, 0x54, 0x18, 0x07, 0x99, 0x06, 0x9A, 0x2B, 0x00, 0x00, 0xF0, 0x2F, 0xF8, 0x00, 0x28, 
    0x14, 0xD1, 0x0E, 0x9C, 0x0D, 0x9D, 0x13, 0x4A, 0x28, 0x00, 0x21, 0x00, 0x00, 0xF0, 0xFA, 0xFD, 
    0x00, 0x28, 0x0B, 0xD1, 0x28, 0x00, 0x21, 0x00, 0x09, 0x4A, 0x00, 0xF0, 0x0F, 0xFE, 0x00, 0x28, 
    0x04, 0xD1, 0x0D, 0x4A, 0x28, 0x00, 0x21, 0x00, 0x00, 0xF0, 0xEC, 0xFD, 0x0F, 0xB0, 0xF0, 0xBC, 
    0x02, 0xBC, 0x08, 0x47, 0x00, 0x00, 0x40, 0x08, 0x11, 0xE3, 0x00, 0x00, 0xFF, 0xFF, 0x00, 0x00, 
    0x5A, 0xA5, 0x00, 0x00, 0x00, 0xC0, 0x03, 0x02, 0x24, 0x3A, 0x40, 0x08, 0x44, 0x42, 0x40, 0x08, 
    0x11, 0x3F, 0x40, 0x08, 0xFC, 0xFF, 0x00, 0x00, 0xC0, 0xFF, 0x00, 0x00, 0x20, 0x47, 0xC0, 0x46, 
    0xF0, 0xB5, 0x03, 0xAF, 0x87, 0xB0, 0x04, 0x00, 0x1B, 0x48, 0x80, 0x8C, 0xA0, 0x42, 0x2B, 0xD9, 
    0x03, 0xAD, 0x28, 0x00, 0x21, 0x00, 0x00, 0xF0, 0xB9, 0xFB, 0x00, 0x20, 0x05, 0x99, 0x00, 0x29, 
    0x23, 0xD4, 0xA9, 0x88, 0x15, 0x4A, 0x91, 0x42, 0x1F, 0xD0, 0x01, 0xA8, 0x21, 0x00, 0x00, 0xF0, 
    0x91, 0xFC, 0x02, 0x9E, 0x00, 0x2E, 0x1C, 0xD4, 0x12, 0x48, 0x04, 0x40, 0x01, 0x9D, 0x04, 0x22, 
    0x28, 0x00, 0x31, 0x00, 0x23, 0x00, 0x00, 0xF0, 0xFD, 0xFC, 0x00, 0x28, 0x0D, 0xD1, 0x28, 0x00, 
    0x31, 0x00, 0x0A, 0x4A, 0x00, 0xF0, 0xC2, 0xFD, 0x00, 0x28, 0x06, 0xD1, 0x0A, 0x4A, 0x28, 0x00, 
    0x31, 0x00, 0x00, 0xF0, 0x9F, 0xFD, 0x00, 0xE0, 0x01, 0x20, 0x07, 0xB0, 0xF0, 0xBC, 0x02, 0xBC, 
    0x08, 0x47, 0x03, 0x48, 0xF9, 0xE7, 0xC0, 0x46, 0x00, 0x00, 0x40, 0x08, 0xA5, 0x5A, 0x00, 0x00, 
    0x21, 0xE3, 0x00, 0x00, 0xFF, 0xFF, 0x00, 0x00, 0xC0, 0xFF, 0x00, 0x00, 0xF0, 0xB5, 0x03, 0xAF, 
    0x81, 0xB0, 0x15, 0x4C, 0x62, 0x8E, 0x01, 0x23, 0x00, 0x25, 0x82, 0x42, 0x9C, 0x46, 0x62, 0x46, 
    0x00, 0xD8, 0x2A, 0x00, 0x40, 0x28, 0x00, 0xD3, 0x2B, 0x00, 0x13, 0x40, 0x89, 0x02, 0x0F, 0x4A, 
    0x89, 0x18, 0x80, 0x00, 0x20, 0x18, 0x21, 0x22, 0xD2, 0x00, 0x84, 0x18, 0x3F, 0x20, 0x0C, 0x4E, 
    0xEA, 0x43, 0x00, 0x92, 0x00, 0x2B, 0xAC, 0x46, 0x62, 0x46, 0x00, 0xD0, 0x22, 0x68, 0x52, 0x5A, 
    0xB2, 0x42, 0x04, 0xD0, 0x10, 0x39, 0x40, 0x1E, 0x42, 0x1C, 0xF3, 0xD3, 0x00, 0x98, 0x01, 0xB0, 
    0xF0, 0xBC, 0x02, 0xBC, 0x08, 0x47, 0xC0, 0x46, 0x00, 0x00, 0x40, 0x08, 0xFE, 0x03, 0x00, 0x00, 
    0x5A, 0xA5, 0x00, 0x00, 0xF0, 0xB5, 0x03, 0xAF, 0x1F, 0x48, 0x00, 0x8A, 0xE8, 0x28, 0x37, 0xD0, 
    0x1E, 0x49, 0x1F, 0x4B, 0x5C, 0x1A, 0x00, 0x20, 0x1E, 0x4A, 0x00, 0x2C, 0x13, 0xD0, 0x1B, 0x4C, 
    0x1B, 0x1B, 0x21, 0x00, 0x15, 0x00, 0x16, 0x00, 0x26, 0x43, 0xF6, 0x07, 0x09, 0xD0, 0x0E, 0x78, 
    0x2E, 0x70, 0x52, 0x1C, 0x64, 0x1C, 0x5B, 0x1E, 0x6D, 0x1C, 0x49, 0x1C, 0x00, 0x2B, 0xF2, 0xD1, 
    0x00, 0xE0, 0x18, 0x00, 0x2A, 0x00, 0x0B, 0x00, 0x13, 0x43, 0x9B, 0x07, 0x09, 0xD0, 0x02, 0x28, 
    0x0E, 0xD3, 0x0B, 0x88, 0x13, 0x80, 0x80, 0x1E, 0x92, 0x1C, 0x89, 0x1C, 0x01, 0x28, 0xF8, 0xD8, 
    0x06, 0xE0, 0x04, 0x28, 0x04, 0xD3, 0x08, 0xC9, 0x08, 0xC2, 0x00, 0x1F, 0x03, 0x28, 0xFA, 0xD8, 
    0x00, 0x28, 0x05, 0xD0, 0x0B, 0x78, 0x13, 0x70, 0x52, 0x1C, 0x49, 0x1C, 0x40, 0x1E, 0xF9, 0xD1, 
    0xF0, 0xBC, 0x01, 0xBC, 0x00, 0x47, 0xC0, 0x46, 0x00, 0x00, 0x40, 0x08, 0x24, 0x3A, 0x40, 0x08, 
    0x44, 0x42, 0x40, 0x08, 0x00, 0xC0, 0x03, 0x02, 0xF0, 0xB5, 0x03, 0xAF, 0x81, 0xB0, 0x21, 0x49, 
    0xCD, 0x6F, 0x21, 0x4C, 0x20, 0x68, 0x21, 0x4A, 0x90, 0x42, 0x21, 0xD1, 0xE8, 0x68, 0x1F, 0x22, 
    0xD2, 0x06, 0x82, 0x18, 0x52, 0x0E, 0x01, 0x26, 0x03, 0x2A, 0x0C, 0xD3, 0x1F, 0x4A, 0x02, 0x40, 
    0x73, 0x06, 0x9A, 0x42, 0x07, 0xD0, 0x1C, 0x4A, 0x10, 0x40, 0x03, 0x22, 0x12, 0x06, 0x90, 0x42, 
    0x01, 0xD0, 0x88, 0x6F, 0xE8, 0x60, 0x00, 0xF0, 0x35, 0xF8, 0x00, 0x20, 0xA8, 0x60, 0x6E, 0x60, 
    0x17, 0x48, 0x28, 0x60, 0x12, 0x48, 0x20, 0x60, 0x01, 0xB0, 0xF0, 0xBC, 0x01, 0xBC, 0x00, 0x47, 
    0x0F, 0x49, 0x88, 0x42, 0xF8, 0xD0, 0x0F, 0x49, 0x88, 0x42, 0xF5, 0xD0, 0x1F, 0x21, 0xC9, 0x06, 
    0x41, 0x18, 0x49, 0x0E, 0x03, 0x29, 0x0B, 0xD3, 0x0C, 0x49, 0x01, 0x40, 0x01, 0x22, 0x52, 0x06, 
    0x91, 0x42, 0x05, 0xD0, 0x08, 0x49, 0x01, 0x40, 0x03, 0x22, 0x12, 0x06, 0x91, 0x42, 0xE3, 0xD1, 
    0xE8, 0x60, 0xDF, 0xE7, 0x00, 0x00, 0x40, 0x08, 0xFC, 0x7F, 0x00, 0x03, 0x38, 0x13, 0x40, 0x08, 
    0x3C, 0x13, 0x40, 0x08, 0x8C, 0x13, 0x40, 0x08, 0x00, 0x80, 0xFF, 0xFF, 0x00, 0x00, 0xFC, 0xFF, 
    0x53, 0x52, 0x41, 0x4D, 0xB0, 0xB5, 0x02, 0xAF, 0x84, 0xB0, 0x21, 0x4D, 0x68, 0x89, 0x04, 0x28, 
    0x11, 0xD1, 0x01, 0xAC, 0x20, 0x00, 0x01, 0xF0, 0x87, 0xFA, 0x20, 0x7A, 0x00, 0x28, 0x29, 0xD0, 
    0x80, 0x20, 0x29, 0x58, 0x01, 0x98, 0x48, 0x43, 0xAA, 0x6E, 0x29, 0x6E, 0x01, 0xF0, 0xB6, 0xFA, 
    0x00, 0x28, 0x1F, 0xD0, 0x27, 0xE0, 0x01, 0xAC, 0x20, 0x00, 0x00, 0xF0, 0xB7, 0xF8, 0x20, 0x7A, 
    0x01, 0x28, 0x17, 0xD1, 0x28, 0x6E, 0x01, 0x99, 0xAA, 0x6E, 0x04, 0x2A, 0x09, 0xD3, 0x0B, 0x00, 
    0x03, 0x43, 0x03, 0x24, 0x1C, 0x40, 0x04, 0xD1, 0x08, 0xC9, 0x08, 0xC0, 0x12, 0x1F, 0x03, 0x2A, 
    0xFA, 0xD8, 0x00, 0x2A, 0x0F, 0xD0, 0x0B, 0x78, 0x03, 0x70, 0x40, 0x1C, 0x49, 0x1C, 0x52, 0x1E, 
    0xF9, 0xD1, 0x08, 0xE0, 0xA8, 0x6E, 0x00, 0x28, 0x05, 0xD0, 0x29, 0x6E, 0xFF, 0x22, 0x0A, 0x70, 
    0x49, 0x1C, 0x40, 0x1E, 0xFB, 0xD1, 0x04, 0xB0, 0xB0, 0xBC, 0x01, 0xBC, 0x00, 0x47, 0xC0, 0x46, 
    0x00, 0x00, 0x40, 0x08, 0xF0, 0xB5, 0x03, 0xAF, 0x83, 0xB0, 0x72, 0x20, 0x2A, 0x4D, 0x28, 0x5A, 
    0xC0, 0x07, 0x27, 0xD1, 0xEE, 0x6F, 0x30, 0x68, 0x28, 0x4C, 0x29, 0x49, 0x88, 0x42, 0x02, 0xD1, 
    0x70, 0x68, 0x01, 0x28, 0x42, 0xD0, 0x68, 0x89, 0x04, 0x28, 0x1E, 0xD1, 0x6C, 0x46, 0x20, 0x00, 
    0x01, 0xF0, 0x32, 0xFA, 0x20, 0x7A, 0x01, 0x28, 0x09, 0xD1, 0x80, 0x20, 0x29, 0x58, 0x00, 0x98, 
    0x48, 0x43, 0xAA, 0x6E, 0x29, 0x6E, 0x01, 0xF0, 0x61, 0xFA, 0x00, 0x28, 0x08, 0xD1, 0xA8, 0x6E, 
    0x00, 0x28, 0x05, 0xD0, 0x29, 0x6E, 0xFF, 0x22, 0x0A, 0x70, 0x49, 0x1C, 0x40, 0x1E, 0xFB, 0xD1, 
    0x16, 0x4C, 0x1D, 0xE0, 0xFF, 0xF7, 0x30, 0xFF, 0x22, 0xE0, 0x28, 0x6E, 0xA9, 0x6D, 0xAA, 0x6E, 
    0x04, 0x2A, 0x0D, 0xD3, 0x25, 0x00, 0x0B, 0x00, 0x03, 0x43, 0x03, 0x24, 0x1C, 0x40, 0x06, 0xD1, 
    0x2C, 0x00, 0x08, 0xC9, 0x08, 0xC0, 0x12, 0x1F, 0x03, 0x2A, 0xFA, 0xD8, 0x00, 0xE0, 0x2C, 0x00, 
    0x00, 0x2A, 0x05, 0xD0, 0x0B, 0x78, 0x03, 0x70, 0x40, 0x1C, 0x49, 0x1C, 0x52, 0x1E, 0xF9, 0xD1, 
    0x00, 0x20, 0xB0, 0x60, 0x01, 0x20, 0x70, 0x60, 0x05, 0x48, 0x30, 0x60, 0x05, 0x48, 0x20, 0x60, 
    0x03, 0xB0, 0xF0, 0xBC, 0x01, 0xBC, 0x00, 0x47, 0x00, 0x00, 0x40, 0x08, 0xFC, 0x7F, 0x00, 0x03, 
    0x53, 0x52, 0x41, 0x4D, 0xD4, 0x13, 0x40, 0x08, 0xF0, 0xB5, 0x03, 0xAF, 0x03, 0x00, 0x00, 0x20, 
    0x00, 0x2B, 0x1D, 0xD0, 0x10, 0x4C, 0xE5, 0x6E, 0x9D, 0x42, 0x03, 0xD8, 0xA6, 0x6E, 0x76, 0x19, 
    0x9E, 0x42, 0x06, 0xD8, 0x25, 0x6E, 0x9D, 0x42, 0x12, 0xD8, 0xA6, 0x6E, 0x76, 0x19, 0x9E, 0x42, 
    0x0E, 0xD9, 0x5D, 0x1B, 0x15, 0x60, 0xA4, 0x6E, 0x01, 0x22, 0x00, 0x23, 0xAC, 0x42, 0x94, 0x46, 
    0x60, 0x46, 0x00, 0xD2, 0x18, 0x00, 0x64, 0x1B, 0x8C, 0x42, 0x00, 0xD2, 0x1A, 0x00, 0x10, 0x40, 
    0xF0, 0xBC, 0x02, 0xBC, 0x08, 0x47, 0xC0, 0x46, 0x00, 0x00, 0x40, 0x08, 0xF0, 0xB5, 0x03, 0xAF, 
    0x83, 0xB0, 0x00, 0x90, 0x00, 0x26, 0x02, 0x96, 0x01, 0x96, 0x16, 0x4C, 0xA0, 0x6D, 0x02, 0xA9, 
    0x01, 0xF0, 0x12, 0xFB, 0x05, 0x00, 0xE0, 0x6D, 0x01, 0xA9, 0x01, 0xF0, 0x0D, 0xFB, 0x00, 0x2D, 
    0x05, 0xD1, 0x00, 0x28, 0xB4, 0x46, 0x61, 0x46, 0xB4, 0x46, 0x62, 0x46, 0x12, 0xD0, 0x00, 0x2D, 
    0x0B, 0xD0, 0x02, 0x99, 0x00, 0x28, 0x04, 0xD0, 0x01, 0x98, 0x42, 0x1A, 0x01, 0xD0, 0x00, 0x2A, 
    0x04, 0xD5, 0x08, 0x48, 0x86, 0x6D, 0x01, 0x22, 0x04, 0xE0, 0x01, 0x98, 0x05, 0x49, 0xCE, 0x6D, 
    0x01, 0x22, 0x01, 0x00, 0x00, 0x98, 0x02, 0x72, 0x06, 0x60, 0x41, 0x60, 0x03, 0xB0, 0xF0, 0xBC, 
    0x01, 0xBC, 0x00, 0x47, 0x00, 0x00, 0x40, 0x08, 0xF0, 0xB5, 0x03, 0xAF, 0x81, 0xB0, 0x1C, 0x4A, 
    0x11, 0x88, 0x01, 0x80, 0x00, 0x21, 0x11, 0x80, 0x00, 0x90, 0x82, 0x1C, 0x19, 0x4B, 0x0C, 0x00, 
    0x20, 0xCB, 0x2E, 0x88, 0x16, 0x53, 0x29, 0x80, 0xA4, 0x1C, 0x08, 0x2C, 0xF8, 0xD1, 0x00, 0x21, 
    0x00, 0x9A, 0x51, 0x82, 0x0A, 0x32, 0x03, 0x23, 0x18, 0x03, 0x13, 0x4C, 0x26, 0x68, 0x35, 0x88, 
    0x2D, 0x04, 0x2D, 0x14, 0x15, 0x80, 0x11, 0xD5, 0x10, 0x4B, 0x1D, 0x40, 0x4B, 0x1E, 0x01, 0x2B, 
    0x03, 0xD8, 0x2B, 0x00, 0x03, 0x40, 0x83, 0x42, 0x08, 0xD0, 0x0D, 0x4B, 0x1D, 0x40, 0x35, 0x80, 
    0x01, 0x23, 0x8B, 0x40, 0x00, 0x9E, 0x75, 0x8A, 0x1D, 0x43, 0x75, 0x82, 0x24, 0x1D, 0x92, 0x1C, 
    0x49, 0x1C, 0x04, 0x29, 0xE2, 0xD1, 0x01, 0xB0, 0xF0, 0xBC, 0x01, 0xBC, 0x00, 0x47, 0xC0, 0x46, 
    0x08, 0x02, 0x00, 0x04, 0x18, 0x39, 0x40, 0x08, 0x38, 0x39, 0x40, 0x08, 0xFF, 0xFF, 0x00, 0x00, 
    0xFF, 0x7F, 0x00, 0x00, 0xF0, 0xB5, 0x03, 0xAF, 0x97, 0xB0, 0x8F, 0x4D, 0x68, 0x89, 0x04, 0x28, 
    0x05, 0xD1, 0x01, 0xF0, 0xDB, 0xFA, 0x17, 0xB0, 0xF0, 0xBC, 0x02, 0xBC, 0x08, 0x47, 0x14, 0xAC, 
    0x20, 0x00, 0xFF, 0xF7, 0x73, 0xFF, 0x21, 0x7A, 0x01, 0x29, 0x14, 0xD1, 0xAA, 0x6E, 0x00, 0x20, 
    0x00, 0x2A, 0xF0, 0xD0, 0x2C, 0x6E, 0x14, 0x9D, 0x09, 0x95, 0x2E, 0x78, 0x23, 0x78, 0x9E, 0x42, 
    0x04, 0xD1, 0x6D, 0x1C, 0x64, 0x1C, 0x52, 0x1E, 0xF7, 0xD1, 0xE4, 0xE7, 0x7E, 0x4D, 0xEE, 0x6D, 
    0x09, 0x98, 0xB0, 0x42, 0x00, 0xD1, 0xAE, 0x6D, 0x00, 0x29, 0x01, 0xD1, 0x01, 0x24, 0x01, 0xE0, 
    0x15, 0x98, 0x44, 0x1C, 0x30, 0x00, 0x01, 0xF0, 0xDF, 0xFB, 0x00, 0x28, 0x7D, 0xD0, 0x78, 0x48, 
    0x21, 0x00, 0x01, 0x40, 0x30, 0x00, 0x01, 0xF0, 0x05, 0xFC, 0x00, 0x28, 0xCB, 0xD1, 0x00, 0x94, 
    0xAA, 0x6E, 0x2C, 0x6E, 0x00, 0x2A, 0x46, 0xD0, 0x00, 0x20, 0x01, 0x21, 0x07, 0x91, 0x09, 0x03, 
    0x03, 0x91, 0x09, 0x94, 0x08, 0x90, 0x01, 0x00, 0x02, 0x96, 0x01, 0x94, 0x06, 0x92, 0x52, 0x1A, 
    0x03, 0x98, 0x82, 0x42, 0x00, 0xD3, 0x03, 0x9A, 0x8E, 0x19, 0x04, 0x91, 0x64, 0x18, 0x2B, 0x8A, 
    0x30, 0x00, 0x21, 0x00, 0x05, 0x92, 0xFF, 0xF7, 0x4F, 0xFA, 0x00, 0x28, 0xAB, 0xD1, 0x31, 0x78, 
    0x62, 0x48, 0x40, 0x1C, 0x22, 0x78, 0x91, 0x42, 0xA5, 0xD1, 0x08, 0x99, 0x06, 0x9A, 0x51, 0x18, 
    0x07, 0x9A, 0x12, 0x03, 0x91, 0x42, 0x00, 0xD3, 0x11, 0x00, 0x07, 0x9B, 0x1A, 0x00, 0x99, 0x42, 
    0x05, 0xD0, 0xB4, 0x5C, 0x09, 0x9B, 0x9D, 0x5C, 0x53, 0x1C, 0xAC, 0x42, 0xF6, 0xD0, 0x05, 0x99, 
    0x8A, 0x42, 0x90, 0xD3, 0x08, 0x98, 0x57, 0x49, 0x40, 0x18, 0x08, 0x90, 0x01, 0x20, 0x00, 0x03, 
    0x09, 0x99, 0x09, 0x18, 0x09, 0x91, 0x04, 0x99, 0x09, 0x18, 0x4F, 0x4D, 0xAA, 0x6E, 0x91, 0x42, 
    0x02, 0x9E, 0x01, 0x9C, 0xC2, 0xD3, 0x50, 0x49, 0x30, 0x00, 0x01, 0xF0, 0xFD, 0xFB, 0x00, 0x28, 
    0x00, 0xD0, 0x78, 0xE7, 0x4D, 0x49, 0x38, 0x31, 0x49, 0x48, 0x01, 0x40, 0x30, 0x00, 0x01, 0xF0, 
    0xF3, 0xFB, 0x00, 0x28, 0x00, 0xD0, 0x6E, 0xE7, 0x25, 0x00, 0x01, 0x24, 0x0D, 0x94, 0x48, 0x48, 
    0x0C, 0x90, 0x41, 0x48, 0x80, 0x6E, 0x0E, 0x90, 0x00, 0x99, 0x0F, 0x91, 0xC9, 0x43, 0x10, 0x91, 
    0x44, 0x49, 0x00, 0x28, 0x18, 0xD0, 0x44, 0x4B, 0x2A, 0x78, 0x4A, 0x40, 0x5A, 0x43, 0x6D, 0x1C, 
    0x40, 0x1E, 0x94, 0x46, 0x61, 0x46, 0xF7, 0xD1, 0x0F, 0xE0, 0x29, 0x8A, 0x30, 0x00, 0xFF, 0xF7, 
    0x1D, 0xFA, 0x00, 0x28, 0x00, 0xD0, 0x4E, 0xE7, 0x30, 0x00, 0x01, 0xF0, 0x55, 0xFB, 0x00, 0x28, 
    0x00, 0xD0, 0x74, 0xE7, 0x31, 0x48, 0x46, 0xE7, 0x0A, 0x00, 0x34, 0x48, 0x3F, 0x30, 0x0C, 0xA9, 
    0xC8, 0x83, 0x88, 0x83, 0x11, 0x92, 0xD0, 0x43, 0x12, 0x90, 0xFF, 0x20, 0x00, 0x02, 0x35, 0x18, 
    0x29, 0x48, 0x03, 0x8A, 0x1C, 0x22, 0x28, 0x00, 0xFF, 0xF7, 0xD6, 0xF9, 0x00, 0x28, 0x00, 0xD0, 
    0x31, 0xE7, 0x02, 0x96, 0x29, 0x78, 0x25, 0x4E, 0xB0, 0x1C, 0x0C, 0xAA, 0x12, 0x78, 0x91, 0x42, 
    0x00, 0xD0, 0x28, 0xE7, 0x1C, 0x2C, 0x09, 0xD0, 0x29, 0x5D, 0x0C, 0xAA, 0x12, 0x5D, 0x64, 0x1C, 
    0x91, 0x42, 0xF7, 0xD0, 0xA1, 0x1E, 0x1B, 0x29, 0x00, 0xD2, 0x1C, 0xE7, 0x1F, 0x49, 0x30, 0x31, 
    0x1B, 0x4C, 0x21, 0x40, 0x02, 0x98, 0x01, 0xF0, 0x97, 0xFB, 0x00, 0x28, 0x00, 0xD0, 0x12, 0xE7, 
    0x0B, 0xA9, 0x1E, 0x48, 0x08, 0x80, 0x1C, 0x35, 0x13, 0x48, 0x03, 0x8A, 0x02, 0x22, 0x28, 0x00, 
    0xFF, 0xF7, 0xAA, 0xF9, 0x00, 0x28, 0x00, 0xD0, 0x05, 0xE7, 0x14, 0x49, 0x20, 0x31, 0x21, 0x40, 
    0x02, 0x9C, 0x20, 0x00, 0x01, 0xF0, 0x80, 0xFB, 0x00, 0x28, 0x00, 0xD0, 0xFB, 0xE6, 0x00, 0x20, 
    0x0A, 0x90, 0x0A, 0xA9, 0x20, 0x00, 0x01, 0xF0, 0x8F, 0xF9, 0x01, 0x00, 0xF0, 0x1C, 0x00, 0x29, 
    0x00, 0xD1, 0xF0, 0xE6, 0x0A, 0x99, 0x00, 0x9A, 0x91, 0x42, 0x00, 0xD0, 0xEB, 0xE6, 0x02, 0x98, 
    0x06, 0x49, 0x01, 0xF0, 0x69, 0xFB, 0xE6, 0xE6, 0x00, 0x00, 0x40, 0x08, 0x21, 0xE7, 0x00, 0x00, 
    0xFF, 0xFF, 0x00, 0x00, 0x00, 0xF0, 0xFF, 0xFF, 0xFC, 0xFF, 0x00, 0x00, 0xC0, 0xFF, 0x00, 0x00, 
    0x53, 0x52, 0x31, 0x36, 0xC5, 0x9D, 0x1C, 0x81, 0x93, 0x01, 0x00, 0x01, 0x5A, 0xA5, 0x00, 0x00, 
    0xB0, 0xB5, 0x02, 0xAF, 0x01, 0x00, 0x0A, 0x31, 0x00, 0x22, 0x0D, 0x4B, 0x44, 0x8A, 0xD4, 0x40, 
    0xE4, 0x07, 0x02, 0xD0, 0x0C, 0x88, 0x1D, 0x68, 0x2C, 0x80, 0x89, 0x1C, 0x1B, 0x1D, 0x52, 0x1C, 
    0x04, 0x2A, 0xF3, 0xD1, 0x02, 0x21, 0x07, 0x4A, 0x43, 0x5A, 0x10, 0xCA, 0x23, 0x80, 0x89, 0x1C, 
    0x0A, 0x29, 0xF9, 0xD1, 0x00, 0x88, 0x04, 0x49, 0x08, 0x80, 0xB0, 0xBC, 0x01, 0xBC, 0x00, 0x47, 
    0x38, 0x39, 0x40, 0x08, 0x18, 0x39, 0x40, 0x08, 0x08, 0x02, 0x00, 0x04, 0xF0, 0xB5, 0x03, 0xAF, 
    0x83, 0xB0, 0x1F, 0x4D, 0xAB, 0x8C, 0x8B, 0x42, 0x2E, 0xD9, 0x01, 0x91, 0x6E, 0x8E, 0x9E, 0x42, 
    0x2E, 0xD9, 0x3F, 0x21, 0x01, 0x9A, 0x11, 0x40, 0x0B, 0x22, 0x12, 0x03, 0x89, 0x18, 0x02, 0x91, 
    0xB1, 0x00, 0x49, 0x19, 0x41, 0x22, 0x92, 0x00, 0x8C, 0x18, 0x00, 0x90, 0x31, 0x00, 0x76, 0x1E, 
    0x9E, 0x42, 0x03, 0xD2, 0x24, 0x1F, 0x9E, 0x42, 0xF8, 0xD8, 0x19, 0xE0, 0x40, 0x29, 0xF9, 0xD8, 
    0x69, 0x8E, 0x8E, 0x42, 0xF6, 0xD2, 0x69, 0x6B, 0x22, 0x68, 0x51, 0x18, 0x40, 0x22, 0x89, 0x5A, 
    0x02, 0x9A, 0x91, 0x42, 0xEE, 0xD1, 0x31, 0x00, 0x00, 0xF0, 0x16, 0xF8, 0x00, 0x98, 0x81, 0x68, 
    0x00, 0x29, 0x08, 0xD5, 0xAB, 0x8C, 0xE5, 0xE7, 0x06, 0x4D, 0x1E, 0xCD, 0x1E, 0xC0, 0x02, 0xE0, 
    0x01, 0x99, 0x00, 0xF0, 0x09, 0xF8, 0x03, 0xB0, 0xF0, 0xBC, 0x01, 0xBC, 0x00, 0x47, 0xC0, 0x46, 
    0x00, 0x00, 0x40, 0x08, 0x28, 0x39, 0x40, 0x08, 0xF0, 0xB5, 0x03, 0xAF, 0x81, 0xB0, 0x1D, 0x4A, 
    0x82, 0x80, 0x00, 0x23, 0x03, 0x60, 0xDB, 0x43, 0x83, 0x60, 0xC1, 0x60, 0x3F, 0x29, 0x2D, 0xD8, 
    0x19, 0x4B, 0x5B, 0x8E, 0x8B, 0x42, 0x29, 0xD9, 0x89, 0x00, 0x17, 0x4D, 0x69, 0x18, 0x21, 0x23, 
    0xDB, 0x00, 0xC9, 0x58, 0x6B, 0x6B, 0x00, 0x91, 0x5C, 0x5A, 0x29, 0x8E, 0x00, 0x29, 0x1D, 0xD0, 
    0x00, 0x9D, 0xEB, 0x18, 0x4D, 0x00, 0x5D, 0x19, 0x4E, 0x1C, 0xB1, 0x1E, 0x23, 0x00, 0xCB, 0x40, 
    0xDB, 0x07, 0x06, 0xD1, 0x2B, 0x88, 0x0D, 0x4A, 0x93, 0x42, 0x07, 0xD0, 0x09, 0x4A, 0x93, 0x42, 
    0x04, 0xD0, 0xAD, 0x1E, 0x76, 0x1E, 0x01, 0x2E, 0xEF, 0xD8, 0x07, 0xE0, 0x83, 0x80, 0x81, 0x60, 
    0x05, 0x4A, 0xD2, 0x69, 0x4A, 0x43, 0x00, 0x99, 0x51, 0x18, 0x01, 0x60, 0x01, 0xB0, 0xF0, 0xBC, 
    0x01, 0xBC, 0x00, 0x47, 0xA5, 0x5A, 0x00, 0x00, 0x00, 0x00, 0x40, 0x08, 0x5A, 0xA5, 0x00, 0x00, 
    0xF0, 0xB5, 0x03, 0xAF, 0x85, 0xB0, 0x1D, 0x00, 0x14, 0x00, 0x0E, 0x00, 0x01, 0x00, 0x26, 0x4A, 
    0x93, 0x8C, 0x00, 0x20, 0x8B, 0x42, 0x43, 0xD9, 0xD2, 0x69, 0x92, 0x1B, 0x40, 0xD3, 0xAA, 0x42, 
    0x3E, 0xD3, 0x01, 0xA8, 0xFF, 0xF7, 0x62, 0xFF, 0x02, 0x98, 0x20, 0x49, 0x01, 0x40, 0x20, 0x48, 
    0x09, 0x18, 0x48, 0x42, 0x48, 0x41, 0x01, 0x21, 0x03, 0x9A, 0x00, 0x2A, 0x8C, 0x46, 0x62, 0x46, 
    0x00, 0xD4, 0x00, 0x22, 0x02, 0x43, 0x01, 0x2A, 0x11, 0xD1, 0x00, 0x2D, 0x27, 0xD0, 0x6A, 0x1E, 
    0x25, 0x78, 0x2B, 0x00, 0xFF, 0x3B, 0x58, 0x42, 0x58, 0x41, 0x53, 0x42, 0x53, 0x41, 0xFF, 0x2D, 
    0x00, 0xD0, 0x0B, 0x00, 0x64, 0x1C, 0x52, 0x1E, 0x00, 0x2B, 0xF1, 0xD0, 0x18, 0xE0, 0x00, 0x2D, 
    0x8C, 0x46, 0x60, 0x46, 0x14, 0xD0, 0x01, 0x98, 0x81, 0x19, 0x6A, 0x1E, 0x00, 0x20, 0x00, 0x90, 
    0x0E, 0x78, 0x23, 0x78, 0xF5, 0x1A, 0x68, 0x42, 0x68, 0x41, 0x52, 0x1E, 0x00, 0x9D, 0x6D, 0x41, 
    0x9E, 0x42, 0x05, 0xD1, 0x49, 0x1C, 0x64, 0x1C, 0x00, 0x2D, 0xF1, 0xD1, 0x00, 0xE0, 0x08, 0x00, 
    0x05, 0xB0, 0xF0, 0xBC, 0x02, 0xBC, 0x08, 0x47, 0x00, 0x00, 0x40, 0x08, 0xFF, 0xFF, 0x00, 0x00, 
    0x5B, 0xA5, 0xFF, 0xFF, 0xF0, 0xB5, 0x03, 0xAF, 0x85, 0xB0, 0x04, 0x00, 0x35, 0x4B, 0x98, 0x8C, 
    0x00, 0x22, 0xD5, 0x43, 0x88, 0x42, 0x4A, 0xD9, 0x03, 0x91, 0x01, 0x95, 0x02, 0x94, 0x59, 0x8E, 
    0x81, 0x42, 0x1D, 0xD9, 0x3F, 0x22, 0x03, 0x9B, 0x1A, 0x40, 0x0B, 0x23, 0x1B, 0x03, 0xD2, 0x18, 
    0x8B, 0x00, 0x2C, 0x4D, 0x5B, 0x19, 0x41, 0x24, 0xA4, 0x00, 0x1B, 0x19, 0x6C, 0x6B, 0x40, 0x34, 
    0x0D, 0x00, 0x2E, 0x00, 0x6D, 0x1E, 0x85, 0x42, 0x07, 0xD3, 0x40, 0x2E, 0x05, 0xD8, 0x8D, 0x42, 
    0x03, 0xD2, 0x1E, 0x68, 0xA6, 0x5B, 0x96, 0x42, 0x03, 0xD0, 0x1B, 0x1F, 0x85, 0x42, 0xF0, 0xD8, 
    0x03, 0x9D, 0x28, 0x00, 0x00, 0xF0, 0x48, 0xF9, 0x00, 0x28, 0x1E, 0xD5, 0x1D, 0x4B, 0x58, 0x8E, 
    0x9E, 0x8C, 0x04, 0x90, 0x86, 0x42, 0x16, 0xD2, 0xB1, 0x00, 0xC9, 0x18, 0x41, 0x22, 0x92, 0x00, 
    0x89, 0x18, 0x0A, 0x1D, 0x59, 0x6B, 0x40, 0x24, 0x3F, 0x2E, 0xA4, 0x46, 0x63, 0x46, 0x01, 0xD8, 
    0x13, 0x68, 0x40, 0x33, 0x5D, 0x5A, 0x14, 0x48, 0x85, 0x42, 0x0F, 0xD0, 0x12, 0x1D, 0x76, 0x1C, 
    0x04, 0x98, 0xB0, 0x42, 0xF0, 0xD1, 0x01, 0x9D, 0x28, 0x00, 0x02, 0x9C, 0x00, 0xE0, 0x28, 0x00, 
    0x25, 0x60, 0x60, 0x60, 0x05, 0xB0, 0xF0, 0xBC, 0x01, 0xBC, 0x00, 0x47, 0x58, 0x18, 0x0B, 0x49, 
    0x03, 0x9A, 0x0A, 0x43, 0x0A, 0x49, 0x11, 0x40, 0x00, 0xF0, 0x82, 0xF9, 0x00, 0x28, 0x01, 0x9D, 
    0xAC, 0x46, 0x60, 0x46, 0x02, 0x9C, 0xEB, 0xD1, 0x30, 0x00, 0x00, 0xF0, 0x0D, 0xF9, 0x35, 0x00, 
    0xE6, 0xE7, 0xC0, 0x46, 0x00, 0x00, 0x40, 0x08, 0xFF, 0xFF, 0x00, 0x00, 0x00, 0xB0, 0xFF, 0xFF, 
    0x3F, 0xB0, 0x00, 0x00, 0xF0, 0xB5, 0x03, 0xAF, 0x83, 0xB0, 0x4D, 0x4D, 0x3F, 0x28, 0x40, 0xD8, 
    0x4A, 0x4E, 0x74, 0x8E, 0x84, 0x42, 0x3C, 0xD9, 0x0F, 0x29, 0x3A, 0xD8, 0x34, 0x8E, 0x8C, 0x42, 
    0x37, 0xD9, 0x80, 0x00, 0x30, 0x18, 0x21, 0x24, 0xE4, 0x00, 0x00, 0x59, 0xC9, 0x00, 0x40, 0x18, 
    0x71, 0x6B, 0x44, 0x18, 0x80, 0x34, 0x00, 0x21, 0x42, 0x48, 0x46, 0x1C, 0x42, 0x4D, 0x35, 0x40, 
    0x66, 0x5A, 0xAE, 0x42, 0x2A, 0xD1, 0x89, 0x1C, 0x08, 0x29, 0xF9, 0xD1, 0x01, 0xA9, 0xC8, 0x80, 
    0x8B, 0x80, 0x4A, 0x80, 0x3D, 0x48, 0x08, 0x80, 0x38, 0x4E, 0x30, 0x8A, 0xE8, 0x28, 0x42, 0xD0, 
    0x3C, 0x4A, 0x3D, 0x48, 0x00, 0x21, 0x83, 0x1A, 0x1B, 0xD0, 0x00, 0x94, 0x39, 0x4D, 0x40, 0x1B, 
    0x37, 0x4B, 0x1C, 0x00, 0x2A, 0x00, 0x26, 0x00, 0x2E, 0x43, 0xF6, 0x07, 0x13, 0xD0, 0x16, 0x78, 
    0x1E, 0x70, 0x64, 0x1C, 0x6D, 0x1C, 0x40, 0x1E, 0x5B, 0x1C, 0x52, 0x1C, 0x00, 0x28, 0xF2, 0xD1, 
    0x0A, 0xE0, 0x28, 0x00, 0x03, 0xB0, 0xF0, 0xBC, 0x02, 0xBC, 0x08, 0x47, 0x28, 0x48, 0x40, 0x1C, 
    0xF8, 0xE7, 0x2B, 0x4B, 0x02, 0xE0, 0x01, 0x00, 0x00, 0x9C, 0x24, 0x4E, 0x10, 0x00, 0x18, 0x43, 
    0x80, 0x07, 0x09, 0xD0, 0x02, 0x29, 0x0E, 0xD3, 0x10, 0x88, 0x18, 0x80, 0x89, 0x1E, 0x9B, 0x1C, 
    0x92, 0x1C, 0x01, 0x29, 0xF8, 0xD8, 0x06, 0xE0, 0x04, 0x29, 0x04, 0xD3, 0x01, 0xCA, 0x01, 0xC3, 
    0x09, 0x1F, 0x03, 0x29, 0xFA, 0xD8, 0x00, 0x29, 0x05, 0xD0, 0x10, 0x78, 0x18, 0x70, 0x5B, 0x1C, 
    0x52, 0x1C, 0x49, 0x1E, 0xF9, 0xD1, 0x1D, 0x4D, 0x33, 0x8A, 0xE8, 0x2B, 0x06, 0xD0, 0x01, 0x20, 
    0x85, 0x43, 0x18, 0x49, 0x69, 0x1A, 0x01, 0x43, 0x15, 0x48, 0x0D, 0x18, 0x01, 0xA9, 0x08, 0x22, 
    0x20, 0x00, 0x00, 0xF0, 0x2D, 0xF8, 0x00, 0x28, 0xC4, 0xD1, 0x20, 0x78, 0x01, 0xA9, 0x09, 0x78, 
    0x88, 0x42, 0x0D, 0xD1, 0x01, 0xA8, 0x40, 0x1C, 0x61, 0x1C, 0x00, 0x23, 0x1A, 0x00, 0x07, 0x2B, 
    0x04, 0xD0, 0x8C, 0x5C, 0x85, 0x5C, 0x53, 0x1C, 0xAC, 0x42, 0xF7, 0xD0, 0x06, 0x2A, 0x02, 0xD8, 
    0x03, 0x48, 0x80, 0x1C, 0xAE, 0xE7, 0x00, 0x20, 0xAC, 0xE7, 0xC0, 0x46, 0x00, 0x00, 0x40, 0x08, 
    0x4A, 0xE3, 0x00, 0x00, 0xFE, 0xFF, 0x00, 0x00, 0xFF, 0xFF, 0x00, 0x00, 0x32, 0xBC, 0x00, 0x00, 
    0x00, 0xC0, 0x03, 0x02, 0x24, 0x3A, 0x40, 0x08, 0x44, 0x42, 0x40, 0x08, 0x59, 0x3D, 0x40, 0x08, 
    0x28, 0x47, 0xC0, 0x46, 0xB0, 0xB5, 0x02, 0xAF, 0x0B, 0x4B, 0x00, 0x24, 0x3F, 0x28, 0x07, 0xD8, 
    0x5D, 0x8E, 0x85, 0x42, 0x04, 0xD9, 0x80, 0x00, 0x18, 0x18, 0x21, 0x24, 0xE4, 0x00, 0x04, 0x59, 
    0xC8, 0x00, 0x00, 0x19, 0x59, 0x6B, 0x40, 0x18, 0x86, 0x30, 0x11, 0x00, 0x00, 0xF0, 0xA8, 0xF8, 
    0xB0, 0xBC, 0x02, 0xBC, 0x08, 0x47, 0xC0, 0x46, 0x00, 0x00, 0x40, 0x08, 0xB0, 0xB5, 0x02, 0xAF, 
    0x0C, 0x00, 0x05, 0x00, 0x15, 0x48, 0x00, 0x21, 0x3F, 0x2D, 0x07, 0xD8, 0x43, 0x8E, 0xAB, 0x42, 
    0x04, 0xD9, 0xA9, 0x00, 0x41, 0x18, 0x21, 0x23, 0xDB, 0x00, 0xC9, 0x58, 0x63, 0x00, 0x59, 0x18, 
    0x40, 0x6B, 0x08, 0x18, 0x80, 0x1C, 0x11, 0x00, 0x00, 0xF0, 0x8A, 0xF8, 0x00, 0x28, 0x11, 0xD1, 
    0x0B, 0x4A, 0x28, 0x00, 0x21, 0x00, 0xFF, 0xF7, 0xC5, 0xFF, 0x00, 0x28, 0x0A, 0xD1, 0x28, 0x00, 
    0x21, 0x00, 0x00, 0xF0, 0xED, 0xF8, 0x00, 0x28, 0x04, 0xD1, 0x06, 0x4A, 0x28, 0x00, 0x21, 0x00, 
    0xFF, 0xF7, 0xB8, 0xFF, 0xB0, 0xBC, 0x02, 0xBC, 0x08, 0x47, 0xC0, 0x46, 0x00, 0x00, 0x40, 0x08, 
    0xF0, 0xFF, 0x00, 0x00, 0xE0, 0xFF, 0x00, 0x00, 0xF0, 0xB5, 0x03, 0xAF, 0x85, 0xB0, 0x06, 0x00, 
    0x00, 0x25, 0xE8, 0x43, 0x3F, 0x2E, 0x59, 0xD8, 0x2F, 0x4A, 0x51, 0x8E, 0xB1, 0x42, 0x55, 0xD9, 
    0x00, 0x90, 0xB0, 0x00, 0x11, 0x18, 0x21, 0x20, 0xC2, 0x00, 0x88, 0x58, 0x2A, 0x4B, 0x5B, 0x6B, 
    0x1C, 0x5A, 0x29, 0x4B, 0x18, 0x8E, 0x00, 0x28, 0x47, 0xD0, 0x89, 0x18, 0x02, 0x91, 0x01, 0x94, 
    0x04, 0x96, 0x21, 0x00, 0xE9, 0x40, 0xC9, 0x07, 0x3C, 0xD0, 0x59, 0x8E, 0xB1, 0x42, 0x02, 0xD9, 
    0x02, 0x98, 0x00, 0x68, 0x00, 0xE0, 0x00, 0x20, 0x6A, 0x00, 0x10, 0x18, 0x5A, 0x6B, 0x80, 0x18, 
    0x42, 0x88, 0x1E, 0x4E, 0xB2, 0x42, 0x24, 0xD1, 0x04, 0x9A, 0x91, 0x42, 0x02, 0xD9, 0x02, 0x99, 
    0x0A, 0x68, 0x00, 0xE0, 0x00, 0x22, 0xD9, 0x69, 0x2B, 0x00, 0x4B, 0x43, 0x9A, 0x18, 0x03, 0x92, 
    0x4B, 0x08, 0x07, 0xD0, 0x03, 0x9A, 0x14, 0x88, 0x14, 0x4E, 0xB4, 0x42, 0x0A, 0xD1, 0x92, 0x1C, 
    0x5B, 0x1E, 0xF8, 0xD1, 0xCA, 0x07, 0x1D, 0xD0, 0x03, 0x9A, 0x89, 0x18, 0x49, 0x1E, 0x09, 0x78, 
    0xFF, 0x29, 0x17, 0xD0, 0x80, 0x1C, 0x00, 0x21, 0x00, 0xF0, 0x1A, 0xF8, 0x00, 0x28, 0x01, 0x9C, 
    0x0B, 0xD1, 0x04, 0x9E, 0x30, 0x00, 0x29, 0x00, 0x00, 0xF0, 0x82, 0xF8, 0x00, 0x28, 0x04, 0xD1, 
    0x05, 0x4B, 0x18, 0x8E, 0x6D, 0x1C, 0x85, 0x42, 0xBB, 0xD3, 0x00, 0x98, 0x05, 0xB0, 0xF0, 0xBC, 
    0x02, 0xBC, 0x08, 0x47, 0x28, 0x00, 0xF9, 0xE7, 0x00, 0x00, 0x40, 0x08, 0xFF, 0xFF, 0x00, 0x00, 
    0xF0, 0xB5, 0x03, 0xAF, 0x83, 0xB0, 0x0D, 0x00, 0x01, 0x90, 0x2E, 0x4A, 0x10, 0x8A, 0xE8, 0x28, 
    0x3A, 0xD0, 0x2E, 0x4B, 0x2E, 0x48, 0x00, 0x21, 0xC2, 0x1A, 0x13, 0xD0, 0x00, 0x95, 0x2B, 0x4A, 
    0x80, 0x1A, 0x29, 0x4E, 0x35, 0x00, 0x13, 0x00, 0x2C, 0x00, 0x14, 0x43, 0xE4, 0x07, 0x0B, 0xD0, 
    0x1C, 0x78, 0x34, 0x70, 0x6D, 0x1C, 0x52, 0x1C, 0x40, 0x1E, 0x76, 0x1C, 0x5B, 0x1C, 0x00, 0x28, 
    0xF2, 0xD1, 0x02, 0xE0, 0x20, 0x4E, 0x01, 0xE0, 0x01, 0x00, 0x00, 0x9D, 0x18, 0x00, 0x30, 0x43, 
    0x80, 0x07, 0x1C, 0x4A, 0x09, 0xD0, 0x02, 0x29, 0x0E, 0xD3, 0x18, 0x88, 0x30, 0x80, 0x89, 0x1E, 
    0xB6, 0x1C, 0x9B, 0x1C, 0x01, 0x29, 0xF8, 0xD8, 0x06, 0xE0, 0x04, 0x29, 0x04, 0xD3, 0x01, 0xCB, 
    0x01, 0xC6, 0x09, 0x1F, 0x03, 0x29, 0xFA, 0xD8, 0x00, 0x29, 0x05, 0xD0, 0x18, 0x78, 0x30, 0x70, 
    0x76, 0x1C, 0x5B, 0x1C, 0x49, 0x1E, 0xF9, 0xD1, 0x02, 0xA9, 0x0D, 0x80, 0x11, 0x4C, 0x13, 0x8A, 
    0xE8, 0x2B, 0x06, 0xD0, 0x01, 0x20, 0x84, 0x43, 0x0C, 0x4A, 0xA2, 0x1A, 0x02, 0x43, 0x0A, 0x48, 
    0x14, 0x18, 0x01, 0x9E, 0x02, 0x22, 0x30, 0x00, 0x00, 0xF0, 0x18, 0xF8, 0x00, 0x28, 0x05, 0xD1, 
    0x30, 0x88, 0xA8, 0x42, 0x01, 0xD0, 0x08, 0x48, 0x00, 0xE0, 0x00, 0x20, 0x03, 0xB0, 0xF0, 0xBC, 
    0x02, 0xBC, 0x08, 0x47, 0x00, 0x00, 0x40, 0x08, 0x00, 0xC0, 0x03, 0x02, 0x24, 0x3A, 0x40, 0x08, 
    0x44, 0x42, 0x40, 0x08, 0x59, 0x3D, 0x40, 0x08, 0x0B, 0xE3, 0x00, 0x00, 0x20, 0x47, 0xC0, 0x46, 
    0xD0, 0xB5, 0x02, 0xAF, 0x02, 0x00, 0x11, 0x48, 0x3F, 0x2A, 0x1A, 0xD8, 0x0E, 0x4B, 0x5C, 0x8E, 
    0x94, 0x42, 0x16, 0xD9, 0x0F, 0x29, 0x14, 0xD8, 0x1C, 0x8E, 0x8C, 0x42, 0x11, 0xD9, 0x01, 0x24, 
    0x8C, 0x40, 0x90, 0x00, 0x18, 0x18, 0x21, 0x21, 0xC9, 0x00, 0x40, 0x58, 0x5A, 0x6B, 0x13, 0x5A, 
    0x19, 0x00, 0xA1, 0x43, 0x8B, 0x42, 0x01, 0xD1, 0x00, 0x20, 0x02, 0xE0, 0x10, 0x18, 0xFF, 0xF7, 
    0x6F, 0xFF, 0xD0, 0xBC, 0x02, 0xBC, 0x08, 0x47, 0x00, 0x00, 0x40, 0x08, 0x0D, 0xE3, 0x00, 0x00, 
    0xF0, 0xB5, 0x03, 0xAF, 0x83, 0xB0, 0x00, 0x90, 0x00, 0x26, 0x02, 0x96, 0x01, 0x96, 0x02, 0xA9, 
    0x30, 0x00, 0x00, 0xF0, 0x5F, 0xF8, 0x04, 0x00, 0x01, 0x25, 0x01, 0xA9, 0x28, 0x00, 0x00, 0xF0, 
    0x59, 0xF8, 0x00, 0x2C, 0x03, 0xD1, 0x00, 0x28, 0x01, 0xD1, 0xF5, 0x43, 0x16, 0xE0, 0x00, 0x2C, 
    0x0E, 0xD0, 0x00, 0x28, 0x05, 0xD0, 0x01, 0x98, 0x02, 0x99, 0x08, 0x1A, 0x08, 0xD0, 0x00, 0x28, 
    0x06, 0xD4, 0x02, 0xA8, 0x00, 0x99, 0x00, 0x29, 0xB4, 0x46, 0x65, 0x46, 0x04, 0xD1, 0x05, 0xE0, 
    0x01, 0xA8, 0x00, 0x99, 0x00, 0x29, 0x01, 0xD0, 0x00, 0x68, 0x08, 0x60, 0x28, 0x00, 0x03, 0xB0, 
    0xF0, 0xBC, 0x02, 0xBC, 0x08, 0x47, 0xC0, 0x46, 0xF0, 0xB5, 0x03, 0xAF, 0x81, 0xB0, 0x0E, 0x00, 
    0x16, 0x4D, 0x69, 0x8E, 0x01, 0x23, 0x00, 0x24, 0x81, 0x42, 0x9C, 0x46, 0x62, 0x46, 0x00, 0xD8, 
    0x22, 0x00, 0x40, 0x28, 0x00, 0xD3, 0x23, 0x00, 0x13, 0x40, 0x80, 0x00, 0x28, 0x18, 0x21, 0x21, 
    0xC9, 0x00, 0x41, 0x18, 0x28, 0x8E, 0x72, 0x1C, 0x42, 0x43, 0x0A, 0x25, 0x55, 0x43, 0xAD, 0x1E, 
    0xE2, 0x43, 0x00, 0x92, 0x0A, 0x4E, 0x01, 0x28, 0x0A, 0xDB, 0x00, 0x2B, 0xA4, 0x46, 0x62, 0x46, 
    0x00, 0xD0, 0x0A, 0x68, 0x52, 0x5B, 0x40, 0x1E, 0x0A, 0x3D, 0xB2, 0x42, 0xF3, 0xD1, 0x00, 0xE0, 
    0x00, 0x98, 0x01, 0xB0, 0xF0, 0xBC, 0x02, 0xBC, 0x08, 0x47, 0xC0, 0x46, 0x00, 0x00, 0x40, 0x08, 
    0x5A, 0xA5, 0x00, 0x00, 0xF0, 0xB5, 0x03, 0xAF, 0x85, 0xB0, 0x02, 0x00, 0x00, 0x20, 0x01, 0x2A, 
    0x62, 0xD8, 0x33, 0x4D, 0x6B, 0x8E, 0x93, 0x42, 0x5E, 0xD9, 0x2B, 0x8E, 0x02, 0x2B, 0x5B, 0xD3, 
    0x00, 0x91, 0x92, 0x00, 0xAA, 0x18, 0x21, 0x24, 0xE4, 0x00, 0x16, 0x59, 0x69, 0x69, 0x01, 0x91, 
    0xC9, 0x08, 0x59, 0x43, 0x0A, 0x24, 0x4C, 0x43, 0xA2, 0x19, 0x11, 0x79, 0x04, 0x91, 0x55, 0x79, 
    0x91, 0x79, 0x02, 0x91, 0xD1, 0x79, 0x03, 0x91, 0xA4, 0x5D, 0x56, 0x78, 0x36, 0x02, 0x34, 0x19, 
    0x96, 0x78, 0x36, 0x04, 0xA4, 0x19, 0xD6, 0x78, 0x36, 0x06, 0xA4, 0x19, 0x21, 0x4E, 0xB4, 0x42, 
    0x3A, 0xD1, 0x2C, 0x02, 0x04, 0x9D, 0x64, 0x19, 0x02, 0x99, 0x09, 0x04, 0x61, 0x18, 0x03, 0x9C, 
    0x24, 0x06, 0x0D, 0x19, 0x11, 0x7A, 0x54, 0x7A, 0x24, 0x02, 0x61, 0x18, 0x94, 0x7A, 0x24, 0x04, 
    0x09, 0x19, 0xD4, 0x7A, 0x24, 0x06, 0x09, 0x19, 0x69, 0x40, 0x49, 0x1C, 0x24, 0xD1, 0x11, 0x7B, 
    0x54, 0x7B, 0x24, 0x02, 0x61, 0x18, 0x94, 0x7B, 0x24, 0x04, 0x09, 0x19, 0xD4, 0x7B, 0x24, 0x06, 
    0x09, 0x19, 0x01, 0x9C, 0xA1, 0x42, 0x17, 0xD1, 0x11, 0x7C, 0x54, 0x7C, 0x24, 0x02, 0x61, 0x18, 
    0x99, 0x42, 0x11, 0xD1, 0x91, 0x7C, 0xD3, 0x7C, 0x1B, 0x02, 0x59, 0x18, 0x01, 0x29, 0x0B, 0xD1, 
    0x11, 0x7D, 0x52, 0x7D, 0x12, 0x02, 0x51, 0x18, 0x07, 0x4A, 0x91, 0x42, 0x04, 0xD1, 0x01, 0x20, 
    0x00, 0x99, 0x00, 0x29, 0x00, 0xD0, 0x0D, 0x60, 0x05, 0xB0, 0xF0, 0xBC, 0x02, 0xBC, 0x08, 0x47, 
    0x00, 0x00, 0x40, 0x08, 0x45, 0x43, 0x4A, 0x32, 0x5A, 0xA5, 0x00, 0x00, 0xF0, 0xB5, 0x03, 0xAF, 
    0x81, 0xB0, 0x14, 0x00, 0x0D, 0x00, 0x06, 0x00, 0xFF, 0xF7, 0x4E, 0xFF, 0x00, 0x28, 0x1B, 0xD4, 
    0x12, 0x4A, 0x00, 0x21, 0x3F, 0x2E, 0x8C, 0x46, 0x63, 0x46, 0x09, 0xD8, 0x53, 0x8E, 0xB3, 0x42, 
    0x8C, 0x46, 0x63, 0x46, 0x04, 0xD9, 0xB3, 0x00, 0xD3, 0x18, 0x21, 0x26, 0xF6, 0x00, 0x9B, 0x59, 
    0x12, 0x8E, 0x55, 0x43, 0x28, 0x18, 0x0A, 0x22, 0x42, 0x43, 0xD0, 0x18, 0x42, 0x5C, 0x62, 0x54, 
    0x49, 0x1C, 0x08, 0x29, 0xFA, 0xD1, 0x05, 0xE0, 0x00, 0x20, 0xFF, 0x21, 0x21, 0x54, 0x40, 0x1C, 
    0x08, 0x28, 0xFB, 0xD1, 0x01, 0xB0, 0xF0, 0xBC, 0x01, 0xBC, 0x00, 0x47, 0x00, 0x00, 0x40, 0x08, 
    0xF0, 0xB5, 0x03, 0xAF, 0x85, 0xB0, 0x04, 0x91, 0x21, 0x4C, 0x22, 0x8E, 0x00, 0x23, 0xD9, 0x43, 
    0x03, 0x92, 0x00, 0x2A, 0x36, 0xD0, 0x00, 0x91, 0x65, 0x8E, 0x01, 0x21, 0x85, 0x42, 0x8C, 0x46, 
    0x65, 0x46, 0x00, 0xD8, 0x1D, 0x00, 0x40, 0x28, 0x00, 0xD3, 0x19, 0x00, 0x29, 0x40, 0x04, 0x9A, 
    0x03, 0x9D, 0x6A, 0x43, 0x04, 0x92, 0x80, 0x00, 0x20, 0x18, 0x21, 0x24, 0xE4, 0x00, 0x00, 0x19, 
    0x01, 0x90, 0x14, 0x4E, 0x0A, 0x20, 0x02, 0x90, 0x1C, 0x00, 0x00, 0x29, 0x9C, 0x46, 0x60, 0x46, 
    0x01, 0xD0, 0x01, 0x98, 0x00, 0x68, 0x04, 0x9A, 0xA5, 0x18, 0x02, 0x9A, 0x55, 0x43, 0x40, 0x19, 
    0x05, 0x89, 0xB5, 0x42, 0x07, 0xD1, 0x1D, 0x00, 0x42, 0x5B, 0xB2, 0x42, 0x03, 0xD1, 0xAD, 0x1C, 
    0x08, 0x2D, 0xF9, 0xD1, 0x05, 0xE0, 0x64, 0x1C, 0x03, 0x98, 0x84, 0x42, 0xE5, 0xD1, 0x00, 0x99, 
    0x00, 0xE0, 0x21, 0x00, 0x08, 0x00, 0x05, 0xB0, 0xF0, 0xBC, 0x02, 0xBC, 0x08, 0x47, 0xC0, 0x46, 
    0x00, 0x00, 0x40, 0x08, 0xFF, 0xFF, 0x00, 0x00, 0xF0, 0xB5, 0x03, 0xAF, 0x89, 0xB0, 0x01, 0x92, 
    0x03, 0x91, 0x06, 0x00, 0x01, 0x24, 0x05, 0x00, 0x65, 0x40, 0x28, 0x00, 0x00, 0xF0, 0x40, 0xF9, 
    0x00, 0x28, 0x4B, 0xD1, 0x04, 0x94, 0x05, 0x96, 0x03, 0x98, 0x44, 0x1C, 0x28, 0x00, 0x21, 0x00, 
    0x00, 0xF0, 0xD2, 0xF9, 0x00, 0x28, 0x41, 0xD1, 0x00, 0x94, 0x22, 0x48, 0x40, 0x69, 0xC0, 0x08, 
    0x03, 0x90, 0x23, 0xD0, 0x00, 0x24, 0x02, 0x94, 0x07, 0xAE, 0x05, 0x98, 0x21, 0x00, 0x32, 0x00, 
    0xFF, 0xF7, 0x5C, 0xFF, 0x30, 0x78, 0xFF, 0x28, 0x04, 0x98, 0x0C, 0xD0, 0x07, 0xAB, 0x28, 0x00, 
    0x21, 0x00, 0x02, 0x9A, 0x00, 0xF0, 0x32, 0xF8, 0x00, 0x28, 0x27, 0xD1, 0x64, 0x1C, 0x03, 0x98, 
    0x84, 0x42, 0xE9, 0xD1, 0x0A, 0xE0, 0x08, 0x28, 0xF8, 0xD0, 0x07, 0xA9, 0x09, 0x5C, 0x40, 0x1C, 
    0xFF, 0x29, 0xF8, 0xD0, 0x80, 0x1E, 0x06, 0x28, 0xE8, 0xD9, 0xEF, 0xE7, 0x28, 0x00, 0x00, 0xF0, 
    0x5B, 0xFA, 0x00, 0x28, 0x12, 0xD1, 0x00, 0x24, 0x06, 0x94, 0x06, 0xA9, 0x28, 0x00, 0xFF, 0xF7, 
    0xC1, 0xFE, 0x01, 0x00, 0x08, 0x48, 0x00, 0x29, 0x08, 0xD0, 0x06, 0x99, 0x00, 0x9A, 0x91, 0x42, 
    0x04, 0xD1, 0x01, 0x98, 0x00, 0x28, 0x00, 0xD0, 0x05, 0x60, 0x20, 0x00, 0x09, 0xB0, 0xF0, 0xBC, 
    0x02, 0xBC, 0x08, 0x47, 0x00, 0x00, 0x40, 0x08, 0x55, 0xE4, 0x00, 0x00, 0xF0, 0xB5, 0x03, 0xAF, 
    0x85, 0xB0, 0x02, 0x93, 0x6A, 0x4C, 0x00, 0x25, 0x3F, 0x28, 0x07, 0xD8, 0x63, 0x8E, 0x83, 0x42, 
    0x04, 0xD9, 0x80, 0x00, 0x20, 0x18, 0x21, 0x23, 0xDB, 0x00, 0xC5, 0x58, 0x20, 0x8E, 0x41, 0x43, 
    0x89, 0x18, 0x0A, 0x26, 0x4E, 0x43, 0x21, 0x8A, 0xE8, 0x29, 0x3B, 0xD0, 0x62, 0x4A, 0x63, 0x4C, 
    0x00, 0x21, 0xA3, 0x1A, 0x14, 0xD0, 0x01, 0x96, 0x03, 0x95, 0x5F, 0x4B, 0xE5, 0x1A, 0x5D, 0x4C, 
    0x20, 0x00, 0x1A, 0x00, 0x06, 0x00, 0x1E, 0x43, 0xF6, 0x07, 0x0B, 0xD0, 0x16, 0x78, 0x26, 0x70, 
    0x40, 0x1C, 0x5B, 0x1C, 0x6D, 0x1E, 0x64, 0x1C, 0x52, 0x1C, 0x00, 0x2D, 0xF2, 0xD1, 0x02, 0xE0, 
    0x54, 0x4C, 0x02, 0xE0, 0x29, 0x00, 0x03, 0x9D, 0x01, 0x9E, 0x10, 0x00, 0x20, 0x43, 0x80, 0x07, 
    0x09, 0xD0, 0x02, 0x29, 0x0E, 0xD3, 0x10, 0x88, 0x20, 0x80, 0x89, 0x1E, 0xA4, 0x1C, 0x92, 0x1C, 
    0x01, 0x29, 0xF8, 0xD8, 0x06, 0xE0, 0x04, 0x29, 0x04, 0xD3, 0x01, 0xCA, 0x01, 0xC4, 0x09, 0x1F, 
    0x03, 0x29, 0xFA, 0xD8, 0x00, 0x29, 0x05, 0xD0, 0x10, 0x78, 0x20, 0x70, 0x64, 0x1C, 0x52, 0x1C, 
    0x49, 0x1E, 0xF9, 0xD1, 0x70, 0x19, 0x03, 0x90, 0x01, 0x24, 0x45, 0x4E, 0x30, 0x00, 0xA0, 0x43, 
    0x41, 0x4D, 0x40, 0x1B, 0x20, 0x43, 0x3F, 0x49, 0x41, 0x18, 0x3D, 0x48, 0x03, 0x8A, 0xE8, 0x2B, 
    0x00, 0xD0, 0x0E, 0x00, 0x01, 0x91, 0x08, 0x22, 0x03, 0x98, 0x02, 0x99, 0x00, 0xF0, 0x7E, 0xF8, 
    0x00, 0x28, 0x69, 0xD1, 0x03, 0x98, 0x00, 0x78, 0x02, 0x9A, 0x11, 0x78, 0x39, 0x4B, 0x88, 0x42, 
    0x28, 0xD1, 0x03, 0x9E, 0x08, 0x2C, 0x07, 0xD0, 0x30, 0x5D, 0x11, 0x5D, 0x64, 0x1C, 0x88, 0x42, 
    0xF8, 0xD0, 0xA0, 0x1E, 0x07, 0x28, 0x1D, 0xD3, 0x04, 0xA8, 0x33, 0x49, 0x01, 0x80, 0x2C, 0x4A, 
    0x10, 0x8A, 0xE8, 0x28, 0x2B, 0x4C, 0x39, 0xD0, 0x2C, 0x49, 0x00, 0x20, 0x4A, 0x1B, 0x17, 0xD0, 
    0x29, 0x4A, 0x89, 0x1A, 0x15, 0x00, 0x23, 0x00, 0x26, 0x00, 0x14, 0x43, 0xE4, 0x07, 0x0B, 0xD0, 
    0x2C, 0x78, 0x1C, 0x70, 0x74, 0x1C, 0x52, 0x1C, 0x49, 0x1E, 0x5B, 0x1C, 0x6D, 0x1C, 0x00, 0x29, 
    0xF2, 0xD1, 0x02, 0xE0, 0x18, 0x00, 0x37, 0xE0, 0x08, 0x00, 0x1C, 0x00, 0x03, 0x9E, 0x21, 0x4B, 
    0x29, 0x00, 0x21, 0x43, 0x89, 0x07, 0x1A, 0x4A, 0x09, 0xD0, 0x02, 0x28, 0x0E, 0xD3, 0x29, 0x88, 
    0x21, 0x80, 0x80, 0x1E, 0xA4, 0x1C, 0xAD, 0x1C, 0x01, 0x28, 0xF8, 0xD8, 0x06, 0xE0, 0x04, 0x28, 
    0x04, 0xD3, 0x02, 0xCD, 0x02, 0xC4, 0x00, 0x1F, 0x03, 0x28, 0xFA, 0xD8, 0x00, 0x28, 0x05, 0xD0, 
    0x29, 0x78, 0x21, 0x70, 0x64, 0x1C, 0x6D, 0x1C, 0x40, 0x1E, 0xF9, 0xD1, 0x1D, 0x00, 0x13, 0x8A, 
    0xE8, 0x2B, 0x01, 0xD0, 0x01, 0x9C, 0x00, 0xE0, 0x0D, 0x4C, 0x08, 0x36, 0x04, 0xA9, 0x02, 0x22, 
    0x30, 0x00, 0x00, 0xF0, 0x1C, 0xF8, 0x00, 0x28, 0x06, 0xD1, 0x30, 0x88, 0x0A, 0x49, 0x88, 0x42, 
    0x01, 0xD0, 0x68, 0x1C, 0x00, 0xE0, 0x00, 0x20, 0x05, 0xB0, 0xF0, 0xBC, 0x02, 0xBC, 0x08, 0x47, 
    0x00, 0x00, 0x40, 0x08, 0x00, 0xC0, 0x03, 0x02, 0x24, 0x3A, 0x40, 0x08, 0x44, 0x42, 0x40, 0x08, 
    0x59, 0x3D, 0x40, 0x08, 0x42, 0xE4, 0x00, 0x00, 0x5A, 0xA5, 0x00, 0x00, 0x30, 0x47, 0x20, 0x47, 
    0xF0, 0xB5, 0x03, 0xAF, 0x89, 0xB0, 0x46, 0x49, 0x01, 0x28, 0x6A, 0xD8, 0x43, 0x4A, 0x52, 0x8E, 
    0x82, 0x42, 0x66, 0xD9, 0x02, 0x90, 0x06, 0xA9, 0x00, 0x20, 0x08, 0x81, 0xC8, 0x80, 0x88, 0x80, 
    0x48, 0x80, 0x48, 0x81, 0x3F, 0x4A, 0x13, 0x88, 0x01, 0x93, 0x10, 0x80, 0x8D, 0x1C, 0x3E, 0x49, 
    0x02, 0x22, 0x3E, 0x4B, 0x03, 0x95, 0x1C, 0x68, 0x05, 0x94, 0x24, 0x88, 0x24, 0x04, 0x24, 0x14, 
    0x06, 0xAE, 0xB4, 0x52, 0x00, 0x2C, 0x17, 0xD5, 0x1F, 0x26, 0xF6, 0x06, 0x04, 0x96, 0x0E, 0x68, 
    0x36, 0x68, 0x04, 0x9D, 0x76, 0x19, 0x03, 0x9D, 0x76, 0x0E, 0x02, 0x2E, 0x0C, 0xD8, 0x34, 0x4E, 
    0x34, 0x40, 0x05, 0x9E, 0x34, 0x80, 0x01, 0x24, 0x84, 0x40, 0x06, 0xAE, 0x05, 0x96, 0x05, 0x9E, 
    0x76, 0x89, 0x26, 0x43, 0x05, 0x9C, 0x66, 0x81, 0x1B, 0x1D, 0x92, 0x1C, 0x09, 0x1D, 0x40, 0x1C, 
    0x04, 0x28, 0xD8, 0xD1, 0x25, 0x4A, 0x50, 0x8E, 0x00, 0x26, 0x02, 0x99, 0x88, 0x42, 0xB4, 0x46, 
    0x60, 0x46, 0x04, 0xD9, 0x88, 0x00, 0x10, 0x18, 0x21, 0x21, 0xC9, 0x00, 0x40, 0x58, 0x11, 0x8A, 
    0xFE, 0xF7, 0x1C, 0xFB, 0x06, 0xA9, 0x49, 0x89, 0x20, 0x4A, 0x0B, 0x00, 0xF3, 0x40, 0xDB, 0x07, 
    0x02, 0xD0, 0x13, 0x68, 0x2C, 0x88, 0x1C, 0x80, 0xAD, 0x1C, 0x12, 0x1D, 0x76, 0x1C, 0x04, 0x2E, 
    0xF3, 0xD1, 0x18, 0x49, 0x01, 0x9A, 0x0A, 0x80, 0x00, 0x28, 0x02, 0x99, 0x0A, 0xD1, 0x13, 0x4A, 
    0x50, 0x8E, 0x88, 0x42, 0x0A, 0xD9, 0x88, 0x00, 0x10, 0x18, 0x21, 0x21, 0xC9, 0x00, 0x40, 0x58, 
    0x05, 0xE0, 0x08, 0x00, 0x09, 0xB0, 0xF0, 0xBC, 0x02, 0xBC, 0x08, 0x47, 0x00, 0x20, 0x11, 0x6A, 
    0x4A, 0x08, 0x07, 0xD0, 0x0F, 0x4B, 0x04, 0x00, 0x25, 0x88, 0x9D, 0x42, 0x09, 0xD1, 0xA4, 0x1C, 
    0x52, 0x1E, 0xF9, 0xD1, 0xCA, 0x07, 0x07, 0xD0, 0x40, 0x18, 0x40, 0x1E, 0x00, 0x78, 0xFF, 0x28, 
    0x02, 0xD0, 0x03, 0x48, 0x40, 0x1C, 0xE5, 0xE7, 0x00, 0x20, 0xE3, 0xE7, 0x00, 0x00, 0x40, 0x08, 
    0x50, 0xE4, 0x00, 0x00, 0x08, 0x02, 0x00, 0x04, 0x08, 0x39, 0x40, 0x08, 0x38, 0x39, 0x40, 0x08, 
    0xFF, 0x7F, 0x00, 0x00, 0xFF, 0xFF, 0x00, 0x00, 0xF0, 0xB5, 0x03, 0xAF, 0x89, 0xB0, 0x04, 0xAC, 
    0x21, 0x71, 0x32, 0x22, 0xE2, 0x70, 0x4A, 0x22, 0xA2, 0x70, 0x43, 0x22, 0x62, 0x70, 0x45, 0x22, 
    0x22, 0x70, 0x00, 0x22, 0x03, 0x92, 0xE2, 0x74, 0x01, 0x22, 0x02, 0x92, 0xA2, 0x74, 0xCA, 0x43, 
    0x22, 0x72, 0x0B, 0x0E, 0xE3, 0x71, 0x0B, 0x0C, 0xA3, 0x71, 0x09, 0x0A, 0x61, 0x71, 0x47, 0x4B, 
    0x5E, 0x69, 0x26, 0x73, 0x1D, 0x8E, 0x25, 0x74, 0x11, 0x0E, 0xE1, 0x72, 0x11, 0x0C, 0xA1, 0x72, 
    0x11, 0x0A, 0x61, 0x72, 0x31, 0x0E, 0xE1, 0x73, 0x31, 0x0C, 0xA1, 0x73, 0x31, 0x0A, 0x61, 0x73, 
    0x29, 0x0A, 0x61, 0x74, 0x3F, 0x28, 0x08, 0xD8, 0x59, 0x8E, 0x81, 0x42, 0x05, 0xD9, 0x80, 0x00, 
    0x18, 0x18, 0x21, 0x21, 0xC9, 0x00, 0x40, 0x58, 0x03, 0x90, 0xF0, 0x08, 0x45, 0x43, 0x0A, 0x24, 
    0x6C, 0x43, 0x18, 0x8A, 0x36, 0x4A, 0xE8, 0x28, 0x3C, 0xD0, 0x36, 0x4E, 0x36, 0x48, 0x00, 0x25, 
    0x81, 0x1B, 0x14, 0xD0, 0x01, 0x94, 0x33, 0x49, 0x13, 0x00, 0x42, 0x1A, 0x1C, 0x00, 0x0E, 0x00, 
    0x18, 0x00, 0x23, 0x00, 0x0B, 0x43, 0xDB, 0x07, 0x0B, 0xD0, 0x33, 0x78, 0x03, 0x70, 0x64, 0x1C, 
    0x49, 0x1C, 0x52, 0x1E, 0x40, 0x1C, 0x76, 0x1C, 0x00, 0x2A, 0xF2, 0xD1, 0x02, 0xE0, 0x10, 0x00, 
    0x03, 0xE0, 0x15, 0x00, 0x25, 0x4B, 0x26, 0x4A, 0x01, 0x9C, 0x31, 0x00, 0x01, 0x43, 0x89, 0x07, 
    0x09, 0xD0, 0x02, 0x2D, 0x0E, 0xD3, 0x31, 0x88, 0x01, 0x80, 0xAD, 0x1E, 0x80, 0x1C, 0xB6, 0x1C, 
    0x01, 0x2D, 0xF8, 0xD8, 0x06, 0xE0, 0x04, 0x2D, 0x04, 0xD3, 0x02, 0xCE, 0x02, 0xC0, 0x2D, 0x1F, 
    0x03, 0x2D, 0xFA, 0xD8, 0x00, 0x2D, 0x05, 0xD0, 0x31, 0x78, 0x01, 0x70, 0x40, 0x1C, 0x76, 0x1C, 
    0x6D, 0x1E, 0xF9, 0xD1, 0x03, 0x98, 0x04, 0x19, 0x18, 0x4D, 0x1B, 0x8A, 0xE8, 0x2B, 0x05, 0xD0, 
    0x02, 0x99, 0x8D, 0x43, 0x13, 0x48, 0x28, 0x1A, 0x08, 0x43, 0x85, 0x18, 0x04, 0xA9, 0x14, 0x22, 
    0x20, 0x00, 0x00, 0xF0, 0x27, 0xF8, 0x00, 0x28, 0x14, 0xD1, 0x21, 0x78, 0x04, 0xA8, 0x02, 0x78, 
    0x0F, 0x48, 0x91, 0x42, 0x0E, 0xD1, 0x04, 0xA9, 0x49, 0x1C, 0x62, 0x1C, 0x00, 0x24, 0x23, 0x00, 
    0x13, 0x2C, 0x04, 0xD0, 0xD5, 0x5C, 0xCE, 0x5C, 0x5C, 0x1C, 0xB5, 0x42, 0xF7, 0xD0, 0x12, 0x2B, 
    0x00, 0xD9, 0x00, 0x20, 0x09, 0xB0, 0xF0, 0xBC, 0x02, 0xBC, 0x08, 0x47, 0x00, 0x00, 0x40, 0x08, 
    0x00, 0xC0, 0x03, 0x02, 0x24, 0x3A, 0x40, 0x08, 0x44, 0x42, 0x40, 0x08, 0x59, 0x3D, 0x40, 0x08, 
    0x52, 0xE4, 0x00, 0x00, 0x28, 0x47, 0xC0, 0x46, 0xF0, 0xB5, 0x03, 0xAF, 0x83, 0xB0, 0x02, 0xA9, 
    0x39, 0x4A, 0x0A, 0x80, 0x39, 0x4A, 0x14, 0x23, 0x3F, 0x28, 0x08, 0xD8, 0x51, 0x8E, 0x81, 0x42, 
    0x05, 0xD9, 0x80, 0x00, 0x10, 0x18, 0x21, 0x21, 0xC9, 0x00, 0x43, 0x58, 0x14, 0x33, 0x10, 0x8E, 
    0x51, 0x69, 0xC9, 0x08, 0x41, 0x43, 0x0A, 0x25, 0x4D, 0x43, 0x10, 0x8A, 0xE8, 0x28, 0x3C, 0xD0, 
    0x30, 0x4E, 0x31, 0x48, 0x00, 0x24, 0x81, 0x1B, 0x14, 0xD0, 0x00, 0x95, 0x01, 0x93, 0x2D, 0x49, 
    0x45, 0x1A, 0x2B, 0x48, 0x03, 0x00, 0x0E, 0x00, 0x1A, 0x00, 0x0A, 0x43, 0xD2, 0x07, 0x0B, 0xD0, 
    0x32, 0x78, 0x02, 0x70, 0x5B, 0x1C, 0x49, 0x1C, 0x6D, 0x1E, 0x40, 0x1C, 0x76, 0x1C, 0x00, 0x2D, 
    0xF2, 0xD1, 0x02, 0xE0, 0x22, 0x48, 0x03, 0xE0, 0x2C, 0x00, 0x20, 0x4A, 0x01, 0x9B, 0x00, 0x9D, 
    0x31, 0x00, 0x01, 0x43, 0x89, 0x07, 0x09, 0xD0, 0x02, 0x2C, 0x0E, 0xD3, 0x31, 0x88, 0x01, 0x80, 
    0xA4, 0x1E, 0x80, 0x1C, 0xB6, 0x1C, 0x01, 0x2C, 0xF8, 0xD8, 0x06, 0xE0, 0x04, 0x2C, 0x04, 0xD3, 
    0x02, 0xCE, 0x02, 0xC0, 0x24, 0x1F, 0x03, 0x2C, 0xFA, 0xD8, 0x00, 0x2C, 0x05, 0xD0, 0x31, 0x78, 
    0x01, 0x70, 0x40, 0x1C, 0x76, 0x1C, 0x64, 0x1E, 0xF9, 0xD1, 0x5C, 0x19, 0x13, 0x4D, 0x13, 0x8A, 
    0xE8, 0x2B, 0x06, 0xD0, 0x01, 0x20, 0x85, 0x43, 0x0E, 0x49, 0x69, 0x1A, 0x01, 0x43, 0x0C, 0x48, 
    0x0D, 0x18, 0x02, 0xA9, 0x02, 0x22, 0x20, 0x00, 0x00, 0xF0, 0x1C, 0xF8, 0x00, 0x28, 0x06, 0xD1, 
    0x20, 0x88, 0x05, 0x49, 0x88, 0x42, 0x01, 0xD0, 0x09, 0x48, 0x00, 0xE0, 0x00, 0x20, 0x03, 0xB0, 
    0xF0, 0xBC, 0x02, 0xBC, 0x08, 0x47, 0xC0, 0x46, 0x5A, 0xA5, 0x00, 0x00, 0x00, 0x00, 0x40, 0x08, 
    0x00, 0xC0, 0x03, 0x02, 0x24, 0x3A, 0x40, 0x08, 0x44, 0x42, 0x40, 0x08, 0x59, 0x3D, 0x40, 0x08, 
    0x53, 0xE4, 0x00, 0x00, 0x28, 0x47, 0xC0, 0x46, 0xF0, 0xB5, 0x03, 0xAF, 0x87, 0xB0, 0x00, 0x22, 
    0x42, 0x60, 0x82, 0x60, 0x86, 0x26, 0x18, 0x49, 0x89, 0x5B, 0x00, 0x29, 0x26, 0xD0, 0x01, 0x90, 
    0x00, 0x24, 0x01, 0x20, 0x02, 0x90, 0x04, 0x94, 0x05, 0x94, 0x25, 0x00, 0x03, 0x94, 0x06, 0x94, 
    0x06, 0xA9, 0x28, 0x00, 0x00, 0xF0, 0x94, 0xF8, 0x00, 0x28, 0x0C, 0xD0, 0x05, 0x98, 0xC0, 0x07, 
    0x06, 0x98, 0x04, 0xD0, 0x04, 0x99, 0x41, 0x1A, 0x05, 0xD0, 0x00, 0x29, 0x03, 0xD4, 0x04, 0x90, 
    0x02, 0x98, 0x05, 0x90, 0x03, 0x95, 0x08, 0x48, 0x80, 0x5B, 0x6D, 0x1C, 0x85, 0x42, 0xE6, 0xD3, 
    0x01, 0x98, 0x04, 0x99, 0x41, 0x60, 0x05, 0x99, 0x01, 0x72, 0x03, 0x9A, 0x02, 0x60, 0x07, 0xB0, 
    0xF0, 0xBC, 0x01, 0xBC, 0x00, 0x47, 0xC0, 0x46, 0x00, 0x00, 0x40, 0x08, 0xF0, 0xB5, 0x03, 0xAF, 
    0x87, 0xB0, 0x05, 0x90, 0x50, 0x42, 0x50, 0x41, 0x01, 0x24, 0x06, 0x92, 0x00, 0x2A, 0xA4, 0x46, 
    0x63, 0x46, 0x5A, 0xD0, 0x84, 0x22, 0x03, 0x92, 0x30, 0x4D, 0x00, 0x22, 0x00, 0x92, 0x03, 0x00, 
    0x0E, 0x00, 0x02, 0x94, 0x03, 0x98, 0x28, 0x5A, 0x00, 0x28, 0x54, 0xD0, 0x04, 0x96, 0xC8, 0x21, 
    0x6A, 0x58, 0x05, 0x99, 0x91, 0x42, 0x01, 0xD2, 0x00, 0x26, 0x0E, 0xE0, 0x2C, 0x00, 0xCC, 0x34, 
    0x45, 0x1E, 0x00, 0x26, 0x01, 0x96, 0xB5, 0x42, 0x3D, 0xD0, 0x89, 0x1A, 0x76, 0x1C, 0x04, 0xCC, 
    0x91, 0x42, 0xF8, 0xD2, 0x86, 0x42, 0x02, 0x9C, 0x37, 0xD2, 0x55, 0x1A, 0x06, 0x98, 0x85, 0x42, 
    0x00, 0xD3, 0x06, 0x9D, 0xB0, 0x00, 0x1D, 0x4A, 0x10, 0x18, 0x88, 0x22, 0x80, 0x58, 0x43, 0x18, 
    0x04, 0x2D, 0x0F, 0xD3, 0x18, 0x00, 0x04, 0x9E, 0x30, 0x43, 0x03, 0x21, 0x01, 0x40, 0x07, 0xD1, 
    0x31, 0x00, 0x2A, 0x00, 0x01, 0xCB, 0x01, 0xC1, 0x12, 0x1F, 0x03, 0x2A, 0xFA, 0xD8, 0x04, 0xE0, 
    0x2A, 0x00, 0x01, 0xE0, 0x2A, 0x00, 0x04, 0x9E, 0x31, 0x00, 0x00, 0x2A, 0x05, 0xD0, 0x18, 0x78, 
    0x08, 0x70, 0x49, 0x1C, 0x5B, 0x1C, 0x52, 0x1E, 0xF9, 0xD1, 0x06, 0x98, 0x40, 0x1B, 0x43, 0x42, 
    0x43, 0x41, 0x05, 0x99, 0x69, 0x18, 0x05, 0x91, 0x76, 0x19, 0x06, 0x90, 0x00, 0x28, 0x07, 0x4D, 
    0xB0, 0xD1, 0x23, 0x00, 0x01, 0xE0, 0x01, 0x9B, 0x02, 0x9C, 0x23, 0x40, 0x18, 0x00, 0x07, 0xB0, 
    0xF0, 0xBC, 0x02, 0xBC, 0x08, 0x47, 0x00, 0x9B, 0xF7, 0xE7, 0xC0, 0x46, 0x00, 0x00, 0x40, 0x08, 
    0xF0, 0xB5, 0x03, 0xAF, 0x89, 0xB0, 0x06, 0x00, 0x86, 0x20, 0x20, 0x4D, 0x28, 0x5A, 0x00, 0x24, 
    0xB0, 0x42, 0x36, 0xD9, 0x80, 0x20, 0x28, 0x58, 0xAB, 0x6E, 0x1A, 0x00, 0x20, 0x32, 0x90, 0x42, 
    0x2F, 0xD3, 0x00, 0x91, 0x46, 0x43, 0xF0, 0x18, 0x01, 0xA9, 0x20, 0x22, 0xFF, 0xF7, 0x76, 0xFF, 
    0x00, 0x24, 0x00, 0x28, 0x25, 0xD0, 0x01, 0x98, 0x15, 0x49, 0x41, 0x40, 0x01, 0xA8, 0x80, 0x8B, 
    0x14, 0x4A, 0x42, 0x40, 0x0A, 0x43, 0x02, 0x98, 0x01, 0x23, 0x58, 0x40, 0x10, 0x43, 0x18, 0xD1, 
    0xA8, 0x6E, 0x03, 0x99, 0x81, 0x42, 0x14, 0xD1, 0x05, 0x98, 0x04, 0x9A, 0x42, 0x40, 0x50, 0x1C, 
    0x0F, 0xD1, 0x07, 0x98, 0x06, 0x9A, 0x42, 0x40, 0x50, 0x1C, 0x0A, 0xD1, 0x1D, 0x00, 0x30, 0x00, 
    0x00, 0xF0, 0x12, 0xF8, 0x06, 0x99, 0x88, 0x42, 0x03, 0xD1, 0x04, 0x98, 0x00, 0x99, 0x08, 0x60, 
    0x2C, 0x00, 0x20, 0x00, 0x09, 0xB0, 0xF0, 0xBC, 0x02, 0xBC, 0x08, 0x47, 0x00, 0x00, 0x40, 0x08, 
    0x53, 0x53, 0x52, 0x4A, 0x5A, 0xA5, 0x00, 0x00, 0xF0, 0xB5, 0x03, 0xAF, 0x86, 0xB0, 0x84, 0x22, 
    0x2D, 0x4B, 0x9A, 0x5A, 0x2D, 0x4C, 0x14, 0x40, 0x62, 0x42, 0x62, 0x41, 0x4E, 0x42, 0x05, 0x91, 
    0x4E, 0x41, 0x32, 0x43, 0x2A, 0x4D, 0x07, 0xD0, 0x00, 0x2E, 0x00, 0xD1, 0x35, 0x00, 0x28, 0x00, 
    0x06, 0xB0, 0xF0, 0xBC, 0x02, 0xBC, 0x08, 0x47, 0xC8, 0x21, 0x59, 0x58, 0x01, 0x22, 0x01, 0x92, 
    0x62, 0x1E, 0x00, 0x92, 0x03, 0x00, 0x03, 0x94, 0x02, 0x91, 0x8B, 0x42, 0x04, 0x93, 0x01, 0xD2, 
    0x00, 0x22, 0x0E, 0xE0, 0x1C, 0x4C, 0xCC, 0x34, 0x00, 0x20, 0x02, 0x00, 0x00, 0x9E, 0x96, 0x42, 
    0xE6, 0xD0, 0x5B, 0x1A, 0x52, 0x1C, 0x02, 0xCC, 0x8B, 0x42, 0xF8, 0xD2, 0x03, 0x9C, 0xA2, 0x42, 
    0xDE, 0xD2, 0xC9, 0x1A, 0x05, 0x9C, 0xA1, 0x42, 0x00, 0xD3, 0x05, 0x99, 0x00, 0x29, 0x15, 0x4E, 
    0x0F, 0xD0, 0x92, 0x00, 0x10, 0x4C, 0xA2, 0x18, 0x88, 0x24, 0x12, 0x59, 0xD0, 0x18, 0x0A, 0x00, 
    0x2C, 0x00, 0x05, 0x78, 0x65, 0x40, 0x75, 0x43, 0x40, 0x1C, 0x52, 0x1E, 0xAC, 0x46, 0x64, 0x46, 
    0xF7, 0xD1, 0x05, 0x9C, 0x64, 0x1A, 0x66, 0x42, 0x66, 0x41, 0x03, 0x98, 0x42, 0x42, 0x42, 0x41, 
    0x05, 0x94, 0x00, 0x2C, 0x01, 0x9C, 0x00, 0xD0, 0x14, 0x00, 0x04, 0x9B, 0xCB, 0x18, 0x01, 0x2C, 
    0x02, 0x99, 0xC2, 0xD1, 0xB0, 0xE7, 0xC0, 0x46, 0x00, 0x00, 0x40, 0x08, 0xFF, 0xFF, 0x00, 0x00, 
    0xC5, 0x9D, 0x1C, 0x81, 0x93, 0x01, 0x00, 0x01, 0xF0, 0xB5, 0x03, 0xAF, 0x02, 0x00, 0xFF, 0x20, 
    0x00, 0x02, 0x13, 0x18, 0x9C, 0x8B, 0x00, 0x20, 0x17, 0x4D, 0xAC, 0x42, 0x29, 0xD1, 0x1C, 0x68, 
    0x16, 0x4D, 0xAC, 0x42, 0x25, 0xD1, 0x5C, 0x68, 0x01, 0x2C, 0x22, 0xD1, 0x9C, 0x68, 0x14, 0x4D, 
    0xAD, 0x6E, 0xAC, 0x42, 0x1D, 0xD1, 0x1D, 0x69, 0xDE, 0x68, 0x6E, 0x40, 0x75, 0x1C, 0x18, 0xD1, 
    0x9D, 0x69, 0x5E, 0x69, 0x6E, 0x40, 0x75, 0x1C, 0x13, 0xD1, 0x0E, 0x4E, 0x00, 0x2C, 0x09, 0xD0, 
    0x15, 0x78, 0x75, 0x40, 0x0C, 0x4E, 0x75, 0x43, 0x52, 0x1C, 0x64, 0x1E, 0xAC, 0x46, 0x66, 0x46, 
    0xF6, 0xD1, 0x00, 0xE0, 0x35, 0x00, 0x5A, 0x69, 0x95, 0x42, 0x02, 0xD1, 0xD8, 0x68, 0x08, 0x60, 
    0x01, 0x20, 0xF0, 0xBC, 0x02, 0xBC, 0x08, 0x47, 0x5A, 0xA5, 0x00, 0x00, 0x53, 0x52, 0x31, 0x36, 
    0x00, 0x00, 0x40, 0x08, 0xC5, 0x9D, 0x1C, 0x81, 0x93, 0x01, 0x00, 0x01, 0xF0, 0xB5, 0x03, 0xAF, 
    0x97, 0xB0, 0x14, 0xAC, 0x20, 0x00, 0xFF, 0xF7, 0x57, 0xFE, 0x20, 0x7A, 0x03, 0x90, 0x01, 0x28, 
    0x58, 0xD1, 0x8B, 0x49, 0x88, 0x6E, 0x08, 0x90, 0x00, 0x28, 0x00, 0xD1, 0xAF, 0xE0, 0x84, 0x20, 
    0x08, 0x5A, 0x02, 0x90, 0x00, 0x28, 0x4D, 0xD0, 0xC8, 0x20, 0x08, 0x58, 0x05, 0x90, 0x80, 0x20, 
    0x08, 0x58, 0x14, 0x9B, 0x43, 0x43, 0x02, 0x98, 0x40, 0x1E, 0x09, 0x90, 0x08, 0x6E, 0x07, 0x90, 
    0x00, 0x20, 0x04, 0x90, 0x05, 0x9C, 0xA3, 0x42, 0x06, 0x93, 0x9C, 0x46, 0x60, 0x46, 0x04, 0x99, 
    0x0F, 0xD3, 0x7B, 0x4B, 0xCC, 0x33, 0x00, 0x21, 0x05, 0x9C, 0x06, 0x98, 0x09, 0x9A, 0x8A, 0x42, 
    0x30, 0xD0, 0x00, 0x1B, 0x49, 0x1C, 0x10, 0xCB, 0xA0, 0x42, 0xF7, 0xD2, 0x02, 0x9A, 0x91, 0x42, 
    0x28, 0xD2, 0x89, 0x00, 0x72, 0x4A, 0x51, 0x18, 0x88, 0x22, 0x8A, 0x58, 0x13, 0x5C, 0x21, 0x1A, 
    0x08, 0x9C, 0xA1, 0x42, 0x00, 0xD3, 0x08, 0x99, 0x07, 0x9C, 0x24, 0x78, 0xA3, 0x42, 0x19, 0xD1, 
    0x12, 0x18, 0x48, 0x1E, 0x53, 0x1C, 0x07, 0x9A, 0x52, 0x1C, 0x00, 0x24, 0xA0, 0x42, 0x06, 0xD0, 
    0x1D, 0x5D, 0x16, 0x5D, 0x64, 0x1C, 0xB5, 0x42, 0xF8, 0xD0, 0x8C, 0x42, 0x0A, 0xD3, 0x07, 0x98, 
    0x40, 0x18, 0x07, 0x90, 0x06, 0x9B, 0xCB, 0x18, 0x00, 0x20, 0x08, 0x9A, 0x52, 0x1A, 0x08, 0x92, 
    0xC0, 0xD1, 0x8E, 0xE0, 0x86, 0x20, 0x5E, 0x49, 0x0A, 0x5A, 0x5E, 0x48, 0x05, 0x92, 0x00, 0x2A, 
    0x00, 0xD1, 0x86, 0xE0, 0xC8, 0x20, 0x08, 0x58, 0x07, 0x90, 0x80, 0x20, 0x01, 0x90, 0x08, 0x58, 
    0x08, 0x90, 0x84, 0x20, 0x08, 0x5A, 0x06, 0x90, 0x44, 0x1E, 0x00, 0x20, 0x02, 0x90, 0x09, 0x90, 
    0x08, 0x98, 0x00, 0x28, 0x41, 0xD0, 0x06, 0x98, 0x00, 0x28, 0x37, 0xD0, 0x09, 0x9D, 0x08, 0x98, 
    0x45, 0x43, 0x07, 0x9A, 0x95, 0x42, 0x02, 0xD2, 0x00, 0x26, 0x29, 0x00, 0x10, 0xE0, 0x4C, 0x4B, 
    0xCC, 0x33, 0x00, 0x26, 0x29, 0x00, 0xB4, 0x42, 0x28, 0xD0, 0x89, 0x1A, 0x76, 0x1C, 0x04, 0xCB, 
    0x91, 0x42, 0xF8, 0xD2, 0x03, 0x00, 0x06, 0x98, 0x86, 0x42, 0x9C, 0x46, 0x60, 0x46, 0x1D, 0xD2, 
    0x53, 0x1A, 0x83, 0x42, 0x00, 0xD3, 0x03, 0x00, 0x8A, 0x42, 0x12, 0xD0, 0x04, 0x90, 0x01, 0x2B, 
    0x9C, 0x46, 0x62, 0x46, 0x00, 0xD8, 0x01, 0x22, 0xB6, 0x00, 0x3D, 0x48, 0x80, 0x19, 0x88, 0x26, 
    0x86, 0x59, 0x71, 0x18, 0x04, 0x98, 0x0E, 0x78, 0xFF, 0x2E, 0x07, 0xD1, 0x49, 0x1C, 0x52, 0x1E, 
    0xF9, 0xD1, 0xC0, 0x1A, 0x5D, 0x19, 0x00, 0x28, 0xCB, 0xD1, 0x0A, 0xE0, 0x09, 0x99, 0x49, 0x1C, 
    0x05, 0x98, 0x09, 0x91, 0x81, 0x42, 0xBB, 0xD1, 0x32, 0xE0, 0x02, 0x9C, 0x02, 0xE0, 0x00, 0x20, 
    0x2F, 0xE0, 0x09, 0x9C, 0x05, 0x98, 0x84, 0x42, 0x2A, 0xD2, 0x2D, 0x49, 0x01, 0x98, 0x0D, 0x58, 
    0x65, 0x43, 0x8A, 0x6E, 0x0E, 0x6E, 0x28, 0x00, 0x31, 0x00, 0x00, 0xF0, 0xEB, 0xF8, 0x00, 0x28, 
    0x1F, 0xD1, 0x09, 0x95, 0x02, 0x94, 0x15, 0x99, 0x27, 0x48, 0x0C, 0x90, 0x24, 0x48, 0x80, 0x6E, 
    0x0E, 0x90, 0x01, 0x24, 0x0D, 0x94, 0x03, 0x9A, 0x00, 0x2A, 0x00, 0xD0, 0x4C, 0x1C, 0x0F, 0x94, 
    0xE1, 0x43, 0x10, 0x91, 0x21, 0x49, 0x00, 0x28, 0x0F, 0xD0, 0x21, 0x4A, 0x05, 0x00, 0x33, 0x78, 
    0x4B, 0x40, 0x53, 0x43, 0x76, 0x1C, 0x6D, 0x1E, 0x9C, 0x46, 0x61, 0x46, 0xF7, 0xD1, 0x05, 0xE0, 
    0x18, 0x48, 0x17, 0xB0, 0xF0, 0xBC, 0x02, 0xBC, 0x08, 0x47, 0x0B, 0x00, 0x00, 0x25, 0xE9, 0x43, 
    0x13, 0x91, 0x11, 0x93, 0xD9, 0x43, 0x12, 0x91, 0x09, 0x9E, 0x80, 0x19, 0x0C, 0xA9, 0x1C, 0x22, 
    0x00, 0xF0, 0xB8, 0xF8, 0x00, 0x28, 0xEC, 0xD1, 0x0B, 0xA9, 0x12, 0x48, 0x08, 0x80, 0x0C, 0x48, 
    0x80, 0x6E, 0x30, 0x18, 0x1C, 0x30, 0x02, 0x22, 0x00, 0xF0, 0xAC, 0xF8, 0x00, 0x28, 0xE0, 0xD1, 
    0x0A, 0x95, 0x0A, 0xA9, 0x02, 0x98, 0xFF, 0xF7, 0xF3, 0xFD, 0x06, 0x49, 0x49, 0x1C, 0x0A, 0x9A, 
    0xA2, 0x42, 0x00, 0xD0, 0x0D, 0x00, 0x00, 0x28, 0x00, 0xD1, 0x0D, 0x00, 0x28, 0x00, 0xD0, 0xE7, 
    0x00, 0x00, 0x40, 0x08, 0x3A, 0xE7, 0x00, 0x00, 0x53, 0x53, 0x52, 0x4A, 0xC5, 0x9D, 0x1C, 0x81, 
    0x93, 0x01, 0x00, 0x01, 0x5A, 0xA5, 0x00, 0x00, 0xB0, 0xB5, 0x02, 0xAF, 0x01, 0x00, 0x11, 0x48, 
    0x02, 0x6A, 0x00, 0x2A, 0x0B, 0xD0, 0x00, 0x20, 0x0F, 0x4B, 0x04, 0x00, 0x65, 0x08, 0x9D, 0x42, 
    0x02, 0xD0, 0x0D, 0x5D, 0xFF, 0x2D, 0x12, 0xD1, 0x64, 0x1C, 0xA2, 0x42, 0xF6, 0xD1, 0x0B, 0x48, 
    0x08, 0x5C, 0x0B, 0x4A, 0x89, 0x5C, 0xFF, 0x28, 0x03, 0xD1, 0xFF, 0x29, 0x01, 0xD1, 0x01, 0x20, 
    0x05, 0xE0, 0xAA, 0x22, 0x50, 0x40, 0x51, 0x40, 0x01, 0x43, 0x48, 0x42, 0x48, 0x41, 0xB0, 0xBC, 
    0x02, 0xBC, 0x08, 0x47, 0x00, 0x00, 0x40, 0x08, 0xFE, 0x7F, 0x00, 0x00, 0xFC, 0xFF, 0x00, 0x00, 
    0xFD, 0xFF, 0x00, 0x00, 0xF0, 0xB5, 0x03, 0xAF, 0x83, 0xB0, 0x1D, 0x4A, 0x84, 0x18, 0x00, 0x22, 
    0x1C, 0x48, 0x45, 0x1C, 0x1C, 0x4B, 0x2B, 0x40, 0xA5, 0x5A, 0x9D, 0x42, 0x28, 0xD1, 0x92, 0x1C, 
    0x08, 0x2A, 0xF9, 0xD1, 0x01, 0xAD, 0xE8, 0x80, 0xA9, 0x80, 0x01, 0x20, 0x68, 0x80, 0x18, 0x48, 
    0x28, 0x80, 0x18, 0x48, 0x03, 0x8A, 0x08, 0x22, 0x20, 0x00, 0x29, 0x00, 0xFD, 0xF7, 0x4C, 0xFE, 
    0x00, 0x28, 0x16, 0xD1, 0x21, 0x78, 0x11, 0x48, 0x01, 0xAA, 0x12, 0x78, 0x91, 0x42, 0x0D, 0xD1, 
    0x01, 0xA9, 0x49, 0x1C, 0x62, 0x1C, 0x00, 0x24, 0x23, 0x00, 0x07, 0x2C, 0x04, 0xD0, 0xD5, 0x5C, 
    0xCE, 0x5C, 0x5C, 0x1C, 0xB5, 0x42, 0xF7, 0xD0, 0x06, 0x2B, 0x06, 0xD8, 0x40, 0x1C, 0x00, 0xE0, 
    0x06, 0x48, 0x03, 0xB0, 0xF0, 0xBC, 0x02, 0xBC, 0x08, 0x47, 0x00, 0x20, 0xF9, 0xE7, 0xC0, 0x46, 
    0x40, 0xFF, 0x00, 0x00, 0xFE, 0xFF, 0x00, 0x00, 0xFF, 0xFF, 0x00, 0x00, 0x2A, 0xE7, 0x00, 0x00, 
    0x32, 0xBC, 0x00, 0x00, 0x00, 0x00, 0x40, 0x08, 0xD0, 0xB5, 0x02, 0xAF, 0x82, 0xB0, 0x01, 0xAC, 
    0x21, 0x80, 0x06, 0x49, 0x40, 0x18, 0x06, 0x49, 0x0B, 0x8A, 0x02, 0x22, 0x21, 0x00, 0xFD, 0xF7, 
    0x13, 0xFE, 0x02, 0xB0, 0xD0, 0xBC, 0x02, 0xBC, 0x08, 0x47, 0xC0, 0x46, 0x46, 0xFF, 0x00, 0x00, 
    0x00, 0x00, 0x40, 0x08, 0xF0, 0xB5, 0x03, 0xAF, 0x87, 0xB0, 0x00, 0x26, 0x05, 0x92, 0x00, 0x2A, 
    0x56, 0xD0, 0x84, 0x23, 0x2F, 0x4C, 0xC8, 0x25, 0x03, 0x95, 0x02, 0x96, 0x01, 0x93, 0xE2, 0x5A, 
    0x00, 0x2A, 0x4F, 0xD0, 0x06, 0x91, 0x03, 0x99, 0x65, 0x58, 0xA8, 0x42, 0x05, 0xD2, 0x88, 0x21, 
    0x61, 0x58, 0x0C, 0x18, 0x04, 0x90, 0x02, 0x00, 0x15, 0xE0, 0x21, 0x00, 0x88, 0x31, 0x04, 0x92, 
    0x54, 0x1E, 0x00, 0x23, 0x02, 0x00, 0x9C, 0x42, 0x3C, 0xD0, 0x52, 0x1B, 0x5B, 0x1C, 0x0E, 0x1D, 
    0x4D, 0x6C, 0xAA, 0x42, 0xB4, 0x46, 0x61, 0x46, 0xF5, 0xD2, 0x04, 0x99, 0x8B, 0x42, 0x31, 0xD2, 
    0x04, 0x90, 0x31, 0x68, 0x8C, 0x18, 0xAE, 0x1A, 0x05, 0x98, 0x86, 0x42, 0x06, 0x9D, 0x00, 0xD3, 
    0x05, 0x9E, 0x18, 0x48, 0x03, 0x8A, 0x20, 0x00, 0x29, 0x00, 0x32, 0x00, 0xFD, 0xF7, 0xCC, 0xFD, 
    0x00, 0x28, 0x20, 0xD1, 0x21, 0x78, 0x12, 0x48, 0x40, 0x1C, 0x2A, 0x78, 0x91, 0x42, 0x1A, 0xD1, 
    0x01, 0x22, 0x11, 0x00, 0x96, 0x42, 0x05, 0xD0, 0x63, 0x5C, 0x06, 0x9A, 0x55, 0x5C, 0x4A, 0x1C, 
    0xAB, 0x42, 0xF6, 0xD0, 0xB1, 0x42, 0x0E, 0xD3, 0x05, 0x9A, 0x92, 0x1B, 0x04, 0x98, 0x30, 0x18, 
    0x06, 0x99, 0x89, 0x19, 0x05, 0x92, 0x00, 0x2A, 0x02, 0x9E, 0x01, 0x9B, 0x05, 0x4C, 0xAE, 0xD1, 
    0x30, 0x00, 0x00, 0xE0, 0x02, 0x48, 0x07, 0xB0, 0xF0, 0xBC, 0x02, 0xBC, 0x08, 0x47, 0xC0, 0x46, 
    0x31, 0xE7, 0x00, 0x00, 0x00, 0x00, 0x40, 0x08, 0xB0, 0x00, 0x00, 0x04, 0xBC, 0x00, 0x00, 0x04, 
    0xC8, 0x00, 0x00, 0x04, 0xD4, 0x00, 0x00, 0x04, 0x02, 0x01, 0x00, 0x04, 0x06, 0x01, 0x00, 0x04, 
    0x0A, 0x01, 0x00, 0x04, 0x0E, 0x01, 0x00, 0x04, 0x00, 0x00, 0x00, 0x00, 0xA5, 0x5A, 0x00, 0x00, 
    0xFF, 0xFF, 0xFF, 0xFF, 0xFF, 0xFF, 0xFF, 0xFF, 0xBA, 0x00, 0x00, 0x04, 0xC6, 0x00, 0x00, 0x04, 
    0xD2, 0x00, 0x00, 0x04, 0xDE, 0x00, 0x00, 0x04, 0xF0, 0xB5, 0x04, 0x1C, 0x0D, 0x1C, 0x16, 0x1C, 
    0x00, 0x2D, 0x34, 0xD0, 0x00, 0x2E, 0x32, 0xD0, 0x23, 0x1C, 0x2B, 0x43, 0x33, 0x43, 0x01, 0x22, 
    0x13, 0x42, 0x2C, 0xD1, 0x2F, 0x88, 0x23, 0x88, 0xBB, 0x42, 0x22, 0xD0, 0x1A, 0x1C, 0x3A, 0x40, 
    0xBA, 0x42, 0x28, 0xD1, 0x03, 0x22, 0x50, 0x23, 0x23, 0x80, 0xFF, 0x23, 0x23, 0x80, 0x40, 0x23, 
    0x23, 0x80, 0x27, 0x80, 0x02, 0x23, 0x1B, 0x02, 0x20, 0x88, 0x80, 0x28, 0x01, 0xD0, 0x5B, 0x1E, 
    0xFA, 0xD1, 0x50, 0x23, 0x23, 0x80, 0xFF, 0x23, 0x23, 0x80, 0x40, 0x23, 0x5B, 0x1E, 0xFD, 0xD1, 
    0x23, 0x88, 0xBB, 0x42, 0x05, 0xD0, 0x52, 0x1E, 0xE5, 0xD1, 0xE7, 0x20, 0x00, 0x02, 0x03, 0x30, 
    0xF0, 0xBD, 0x02, 0x34, 0x02, 0x35, 0x02, 0x3E, 0xD4, 0xD1, 0x00, 0x20, 0xF0, 0xBD, 0xE7, 0x20, 
    0x00, 0x02, 0x01, 0x30, 0xF0, 0xBD, 0xE7, 0x20, 0x00, 0x02, 0x02, 0x30, 0xF0, 0xBD, 0xF0, 0xB5, 
    0x04, 0x1C, 0x50, 0x23, 0x23, 0x80, 0xFF, 0x23, 0x23, 0x80, 0x60, 0x23, 0x23, 0x80, 0xD0, 0x23, 
    0x23, 0x80, 0x20, 0x23, 0x23, 0x80, 0xD0, 0x23, 0x23, 0x80, 0x70, 0x23, 0x23, 0x80, 0x64, 0x26, 
    0x01, 0x27, 0xBF, 0x04, 0x7F, 0x1E, 0xFD, 0xD1, 0x25, 0x88, 0x80, 0x2D, 0x0C, 0xD0, 0x80, 0x23, 
    0x1D, 0x42, 0x05, 0xD1, 0x76, 0x1E, 0xF3, 0xD1, 0xE7, 0x20, 0x00, 0x02, 0x11, 0x30, 0x04, 0xE0, 
    0xE7, 0x20, 0x00, 0x02, 0x13, 0x30, 0x00, 0xE0, 0x00, 0x20, 0x50, 0x23, 0x23, 0x80, 0xFF, 0x23, 
    0x23, 0x80, 0xF0, 0xBD, 0xF0, 0xB5, 0x03, 0xAF, 0x85, 0xB0, 0x26, 0x4B, 0x99, 0x88, 0x01, 0x80, 
    0x19, 0x88, 0x00, 0x22, 0x82, 0x81, 0x41, 0x80, 0x9A, 0x80, 0x00, 0x90, 0x03, 0x1D, 0x03, 0x21, 
    0x08, 0x03, 0x01, 0x90, 0x20, 0x49, 0x08, 0x68, 0x02, 0x90, 0x20, 0x4E, 0x20, 0x49, 0x08, 0x68, 
    0x04, 0x88, 0x24, 0x04, 0x24, 0x14, 0x1C, 0x80, 0x22, 0xD5, 0x1F, 0x25, 0xED, 0x06, 0x03, 0x95, 
    0x35, 0x68, 0x2D, 0x68, 0x04, 0x90, 0x03, 0x98, 0x2D, 0x18, 0x04, 0x98, 0x6D, 0x0E, 0x02, 0x2D, 
    0x16, 0xD8, 0x18, 0x4D, 0x2C, 0x40, 0x02, 0x9D, 0x00, 0x2D, 0x08, 0xD0, 0x55, 0x1E, 0x01, 0x2D, 
    0x05, 0xD8, 0x25, 0x00, 0x01, 0x98, 0x05, 0x40, 0x85, 0x42, 0x04, 0x98, 0x08, 0xD0, 0x12, 0x4D, 
    0x2C, 0x40, 0x04, 0x80, 0x01, 0x20, 0x90, 0x40, 0x00, 0x9D, 0xAC, 0x89, 0x04, 0x43, 0xAC, 0x81, 
    0x09, 0x1D, 0x9B, 0x1C, 0x36, 0x1D, 0x52, 0x1C, 0x04, 0x2A, 0xD0, 0xD1, 0x00, 0x98, 0x40, 0x88, 
    0x0A, 0x49, 0x01, 0x40, 0x0C, 0x31, 0x03, 0x48, 0x01, 0x80, 0x05, 0xB0, 0xF0, 0xBC, 0x01, 0xBC, 
    0x00, 0x47, 0xC0, 0x46, 0x04, 0x02, 0x00, 0x04, 0xCC, 0xBF, 0x03, 0x02, 0x08, 0x39, 0x40, 0x08, 
    0x38, 0x39, 0x40, 0x08, 0xFF, 0xFF, 0x00, 0x00, 0xFF, 0x7F, 0x00, 0x00, 0xE3, 0xBF, 0x00, 0x00, 
    0xF0, 0xB5, 0x03, 0xAF, 0x42, 0x88, 0x0B, 0x49, 0x0A, 0x80, 0x02, 0x1D, 0x00, 0x23, 0x0A, 0x4C, 
    0x85, 0x89, 0xDD, 0x40, 0xED, 0x07, 0x02, 0xD0, 0x15, 0x88, 0x26, 0x68, 0x35, 0x80, 0x92, 0x1C, 
    0x24, 0x1D, 0x5B, 0x1C, 0x04, 0x2B, 0xF3, 0xD1, 0x00, 0x88, 0x88, 0x80, 0xF0, 0xBC, 0x01, 0xBC, 
    0x00, 0x47, 0xC0, 0x46, 0x04, 0x02, 0x00, 0x04, 0x38, 0x39, 0x40, 0x08, 0xF0, 0xB5, 0x03, 0xAF, 
    0x84, 0xB0, 0x02, 0x92, 0x02, 0x88, 0x8A, 0x42, 0x01, 0xD1, 0x00, 0x20, 0x2B, 0xE0, 0x03, 0x00, 
    0x0A, 0x40, 0x17, 0x48, 0x8A, 0x42, 0x26, 0xD1, 0x00, 0x24, 0x50, 0x25, 0xFF, 0x26, 0x80, 0x1C, 
    0x00, 0x90, 0x01, 0x94, 0x1D, 0x80, 0x1E, 0x80, 0x02, 0x98, 0x18, 0x80, 0x19, 0x80, 0x11, 0x48, 
    0x40, 0x1C, 0x02, 0xD2, 0x1A, 0x88, 0x80, 0x2A, 0xFA, 0xD1, 0x1D, 0x80, 0x1E, 0x80, 0x01, 0x98, 
    0x03, 0x90, 0x03, 0x98, 0x3F, 0x28, 0x05, 0xD8, 0x03, 0x98, 0x40, 0x1C, 0x03, 0x90, 0x03, 0x98, 
    0x40, 0x28, 0xF9, 0xD3, 0x18, 0x88, 0x88, 0x42, 0x04, 0xD0, 0x64, 0x1C, 0x03, 0x2C, 0xE1, 0xD1, 
    0x00, 0x98, 0x00, 0xE0, 0x01, 0x98, 0x04, 0xB0, 0xF0, 0xBC, 0x02, 0xBC, 0x08, 0x47, 0xC0, 0x46, 
    0x01, 0xE1, 0x00, 0x00, 0xFF, 0xFD, 0xFF, 0xFF, 0xB0, 0xB5, 0x02, 0xAF, 0x0F, 0x49, 0x01, 0x40, 
    0x50, 0x22, 0x0A, 0x80, 0x60, 0x20, 0x08, 0x80, 0xD0, 0x20, 0x08, 0x80, 0x0C, 0x48, 0x0B, 0x88, 
    0x1C, 0x06, 0x04, 0xD4, 0x45, 0x1C, 0x00, 0x28, 0xAC, 0x46, 0x60, 0x46, 0xF7, 0xD1, 0x09, 0x48, 
    0x00, 0x2C, 0x06, 0xD5, 0x3A, 0x24, 0x23, 0x42, 0x02, 0xD0, 0x0A, 0x80, 0x40, 0x1C, 0x00, 0xE0, 
    0x00, 0x20, 0xFF, 0x22, 0x0A, 0x80, 0xB0, 0xBC, 0x02, 0xBC, 0x08, 0x47, 0x00, 0x00, 0xFE, 0xFF, 
    0x81, 0x7B, 0xE1, 0xFF, 0x51, 0xE1, 0x00, 0x00, 0xF0, 0xB5, 0x03, 0xAF, 0x85, 0xB0, 0x00, 0x22, 
    0x13, 0x00, 0x84, 0x5A, 0x8D, 0x5A, 0x2E, 0x00, 0x26, 0x40, 0xAE, 0x42, 0x1F, 0xD1, 0x64, 0x1B, 
    0x65, 0x1E, 0xAC, 0x41, 0x23, 0x43, 0x92, 0x1C, 0x20, 0x2A, 0xF2, 0xD1, 0xDA, 0x07, 0x18, 0xD0, 
    0x50, 0x22, 0x02, 0x92, 0x02, 0x80, 0xE8, 0x22, 0x02, 0x80, 0x34, 0x4A, 0x01, 0x23, 0x03, 0x93, 
    0x53, 0x42, 0x53, 0x41, 0x06, 0x88, 0x35, 0x06, 0x03, 0x9C, 0x00, 0xD4, 0x1C, 0x00, 0x52, 0x1C, 
    0x01, 0x2C, 0xF5, 0xD1, 0x2C, 0x4B, 0x00, 0x2D, 0x05, 0xD4, 0x52, 0x33, 0x35, 0xE0, 0x2A, 0x4B, 
    0x35, 0xE0, 0x00, 0x23, 0x33, 0xE0, 0x3A, 0x22, 0x16, 0x42, 0x03, 0xD0, 0x53, 0x33, 0x02, 0x99, 
    0x01, 0x80, 0x2A, 0xE0, 0x01, 0x92, 0x0F, 0x26, 0x06, 0x80, 0x25, 0x4C, 0x0B, 0x22, 0x22, 0x80, 
    0x00, 0x23, 0xCA, 0x5A, 0xC2, 0x52, 0xC0, 0x46, 0x9B, 0x1C, 0x20, 0x2B, 0xF9, 0xD1, 0x00, 0x22, 
    0x00, 0x92, 0x04, 0x92, 0x04, 0x9A, 0x3F, 0x2A, 0x05, 0xD8, 0x04, 0x9A, 0x52, 0x1C, 0x04, 0x92, 
    0x04, 0x9A, 0x40, 0x2A, 0xF9, 0xD3, 0x26, 0x80, 0xD0, 0x22, 0x02, 0x80, 0x19, 0x4E, 0x72, 0x42, 
    0x72, 0x41, 0x05, 0x88, 0x2B, 0x06, 0x03, 0x9C, 0x00, 0xD4, 0x14, 0x00, 0x76, 0x1C, 0x01, 0x2C, 
    0xF5, 0xD1, 0x00, 0x2B, 0x08, 0xD4, 0x10, 0x4B, 0x54, 0x33, 0xFF, 0x21, 0x01, 0x80, 0x18, 0x00, 
    0x05, 0xB0, 0xF0, 0xBC, 0x02, 0xBC, 0x08, 0x47, 0x01, 0x9A, 0x15, 0x42, 0x0A, 0x4B, 0x01, 0xD0, 
    0x55, 0x33, 0xC4, 0xE7, 0xFF, 0x22, 0x02, 0x80, 0x56, 0x33, 0x1D, 0x00, 0x00, 0x9E, 0x33, 0x00, 
    0xC2, 0x5A, 0xCC, 0x5A, 0xA2, 0x42, 0x04, 0xD1, 0x9B, 0x1C, 0x20, 0x2B, 0xF8, 0xD1, 0x33, 0x00, 
    0xE5, 0xE7, 0x2B, 0x00, 0xE3, 0xE7, 0xC0, 0x46, 0x01, 0xE1, 0x00, 0x00, 0xC1, 0xBD, 0xF0, 0xFF, 
    0x04, 0x02, 0x00, 0x04, 0x81, 0x7B, 0xE1, 0xFF, 0xF0, 0xB5, 0x03, 0xAF, 0x03, 0x00, 0x00, 0x20, 
    0x00, 0x29, 0x23, 0xD0, 0x7B, 0x24, 0x64, 0x06, 0x1E, 0x19, 0x7F, 0x25, 0x6D, 0x06, 0xAE, 0x42, 
    0x1C, 0xD3, 0x14, 0x19, 0xAC, 0x42, 0x19, 0xD3, 0xC9, 0x18, 0x4C, 0x1E, 0x9C, 0x42, 0x15, 0xD3, 
    0x64, 0x0E, 0x04, 0x2C, 0x12, 0xD8, 0x0B, 0x48, 0x09, 0x18, 0x09, 0x0D, 0x44, 0x1C, 0x10, 0x19, 
    0x05, 0x0D, 0x01, 0x20, 0x00, 0x22, 0x8D, 0x42, 0x84, 0x46, 0x61, 0x46, 0x00, 0xD8, 0x11, 0x00, 
    0x1B, 0x19, 0x1B, 0x0D, 0x9D, 0x42, 0x00, 0xD3, 0x10, 0x00, 0x08, 0x43, 0xF0, 0xBC, 0x02, 0xBC, 
    0x08, 0x47, 0xC0, 0x46, 0xFF, 0xFF, 0xFF, 0xF7, 0xF0, 0xB5, 0x03, 0xAF, 0x93, 0xB0, 0x04, 0x00, 
    0x64, 0x48, 0x00, 0x29, 0x00, 0xD1, 0xC0, 0xE0, 0x15, 0x00, 0x0E, 0x00, 0x8A, 0x18, 0x00, 0xD3, 
    0xBB, 0xE0, 0x71, 0x0E, 0x02, 0xD0, 0x60, 0x49, 0x8A, 0x42, 0x07, 0xD3, 0x31, 0x0E, 0x03, 0x29, 
    0x00, 0xD2, 0xB2, 0xE0, 0x5D, 0x49, 0x8A, 0x42, 0x00, 0xD9, 0xAE, 0xE0, 0xE8, 0x2B, 0x68, 0xD1, 
    0x29, 0x00, 0x05, 0x00, 0x5B, 0x4A, 0x20, 0x00, 0x06, 0x91, 0xFF, 0xF7, 0xAD, 0xFF, 0x00, 0x28, 
    0x00, 0xD1, 0x95, 0xE0, 0x0F, 0xA8, 0x00, 0x25, 0x85, 0x81, 0x11, 0x95, 0x10, 0x95, 0x0F, 0x95, 
    0xFF, 0xF7, 0x38, 0xFE, 0x28, 0x00, 0x54, 0x4A, 0x0F, 0x21, 0x11, 0x80, 0x1F, 0x22, 0x21, 0x00, 
    0x91, 0x43, 0x06, 0x9A, 0x12, 0x19, 0x00, 0x91, 0x06, 0x92, 0x91, 0x42, 0x46, 0xD2, 0x30, 0x1B, 
    0x02, 0x90, 0x00, 0x20, 0x01, 0x90, 0xC0, 0x43, 0x03, 0x90, 0x00, 0x9E, 0x05, 0x94, 0x34, 0x00, 
    0x4A, 0x48, 0x04, 0x40, 0x03, 0x98, 0x84, 0x42, 0x05, 0xD0, 0x30, 0x00, 0xFF, 0xF7, 0xD4, 0xFE, 
    0x00, 0x28, 0x03, 0x94, 0x32, 0xD1, 0x01, 0x98, 0x31, 0x5A, 0x07, 0xAA, 0x11, 0x52, 0x80, 0x1C, 
    0x20, 0x28, 0xF9, 0xD1, 0x02, 0x98, 0x80, 0x19, 0x04, 0x90, 0x00, 0x21, 0x05, 0x9C, 0x72, 0x18, 
    0xA2, 0x42, 0x16, 0xD3, 0x06, 0x98, 0x82, 0x42, 0x13, 0xD2, 0x04, 0x98, 0x44, 0x5C, 0x01, 0x23, 
    0x0A, 0x00, 0x9A, 0x43, 0x07, 0xAB, 0x9D, 0x5A, 0xC8, 0x07, 0x03, 0xD1, 0xFF, 0x20, 0x85, 0x43, 
    0x2C, 0x19, 0x03, 0xE0, 0xFF, 0x20, 0x05, 0x40, 0x20, 0x02, 0x44, 0x19, 0x98, 0x18, 0x04, 0x80, 
    0x05, 0x9C, 0x49, 0x1C, 0x20, 0x29, 0xE2, 0xD1, 0x07, 0xA9, 0x30, 0x00, 0xFF, 0xF7, 0xCC, 0xFE, 
    0x20, 0x36, 0x06, 0x99, 0x8E, 0x42, 0x01, 0xD2, 0x00, 0x28, 0xC0, 0xD0, 0x04, 0x00, 0x00, 0x99, 
    0x3D, 0xE0, 0x04, 0x93, 0x0F, 0xA8, 0x00, 0x21, 0x81, 0x81, 0x11, 0x91, 0x10, 0x91, 0x06, 0x91, 
    0x0F, 0x91, 0xFF, 0xF7, 0xD7, 0xFD, 0x2D, 0x19, 0x01, 0x20, 0x21, 0x00, 0x81, 0x43, 0xA9, 0x42, 
    0x29, 0xD2, 0x30, 0x1B, 0x03, 0x90, 0x00, 0x91, 0x0E, 0x00, 0x31, 0x88, 0xA6, 0x42, 0x04, 0xD3, 
    0x03, 0x98, 0x80, 0x5D, 0xFF, 0x22, 0x91, 0x43, 0x09, 0x18, 0x04, 0x9A, 0x70, 0x1C, 0xA0, 0x42, 
    0x08, 0xD3, 0xA8, 0x42, 0x06, 0xD2, 0xFF, 0x20, 0x01, 0x40, 0x03, 0x98, 0x80, 0x19, 0x40, 0x78, 
    0x00, 0x02, 0x41, 0x18, 0x12, 0x48, 0x01, 0x40, 0x02, 0x40, 0x30, 0x00, 0xFF, 0xF7, 0x2E, 0xFE, 
    0x00, 0x28, 0x03, 0xD1, 0xB6, 0x1C, 0xAE, 0x42, 0x06, 0x98, 0xDE, 0xD3, 0x00, 0x99, 0x03, 0xE0, 
    0x28, 0x00, 0x50, 0x30, 0x09, 0xE0, 0x06, 0x98, 0x04, 0x00, 0x50, 0x20, 0x08, 0x80, 0xFF, 0x20, 
    0x08, 0x80, 0x0F, 0xA8, 0xFF, 0xF7, 0xFC, 0xFD, 0x20, 0x00, 0x13, 0xB0, 0xF0, 0xBC, 0x02, 0xBC, 
    0x08, 0x47, 0xC0, 0x46, 0x0B, 0xE1, 0x00, 0x00, 0x01, 0x00, 0x04, 0x02, 0x00, 0x80, 0x00, 0x03, 
    0xFF, 0xFF, 0x00, 0x00, 0x59, 0x3D, 0x40, 0x08, 0x04, 0x02, 0x00, 0x04, 0x00, 0x00, 0xFE, 0xFF, 
    0xF0, 0xB5, 0x03, 0xAF, 0x97, 0xB0, 0x1E, 0x00, 0x09, 0x91, 0x7F, 0x4C, 0xBD, 0x68, 0x00, 0x2D, 
    0x03, 0x90, 0x14, 0xD0, 0x00, 0x2A, 0x00, 0xD1, 0xE5, 0xE0, 0x53, 0x19, 0x00, 0xD3, 0xE2, 0xE0, 
    0x51, 0x0E, 0x03, 0xD0, 0x79, 0x49, 0x8B, 0x42, 0x03, 0x98, 0x08, 0xD3, 0x11, 0x0E, 0x03, 0x29, 
    0x00, 0xD2, 0xD8, 0xE0, 0x76, 0x49, 0x8B, 0x42, 0x03, 0x98, 0x00, 0xD9, 0xD3, 0xE0, 0xF9, 0x68, 
    0x23, 0x00, 0x0A, 0x3B, 0xB1, 0x42, 0x00, 0xD2, 0xD8, 0xE0, 0x07, 0x91, 0x89, 0x1B, 0xA9, 0x42, 
    0x00, 0xD2, 0xD3, 0xE0, 0x08, 0x92, 0x39, 0x69, 0x04, 0x91, 0xE8, 0x29, 0x06, 0x96, 0x72, 0xD1, 
    0x6D, 0x4A, 0x07, 0x99, 0xFF, 0xF7, 0xC0, 0xFE, 0x00, 0x28, 0x00, 0xD1, 0xBA, 0xE0, 0x13, 0xA8, 
    0x00, 0x24, 0x84, 0x81, 0x15, 0x94, 0x14, 0x94, 0x13, 0x94, 0xFF, 0xF7, 0x4B, 0xFD, 0x23, 0x00, 
    0x66, 0x48, 0x0F, 0x21, 0x01, 0x80, 0x07, 0x98, 0x00, 0x28, 0x03, 0x99, 0x00, 0xD1, 0xAE, 0xE0, 
    0x08, 0x98, 0x80, 0x1B, 0x08, 0x90, 0xAC, 0x19, 0x00, 0x20, 0x0A, 0x90, 0xC0, 0x43, 0x01, 0x90, 
    0x09, 0x9A, 0x04, 0x94, 0x05, 0x92, 0x0A, 0x98, 0x41, 0x18, 0x0A, 0x00, 0x5C, 0x48, 0x02, 0x40, 
    0x01, 0x98, 0x82, 0x42, 0x08, 0xD0, 0x08, 0x00, 0x0D, 0x00, 0x01, 0x92, 0xFF, 0xF7, 0xE4, 0xFD, 
    0x29, 0x00, 0x00, 0x28, 0x00, 0xD0, 0x90, 0xE0, 0x02, 0x91, 0x00, 0x20, 0x0A, 0x99, 0x0B, 0x18, 
    0xFF, 0x21, 0x09, 0x9A, 0x52, 0x1C, 0x0C, 0xD0, 0x07, 0x9D, 0xAB, 0x42, 0x09, 0xD2, 0x05, 0x9C, 
    0x22, 0x5C, 0x5E, 0x1C, 0xAE, 0x42, 0x01, 0xD2, 0x21, 0x18, 0x49, 0x78, 0x06, 0x9E, 0x04, 0x9C, 
    0x00, 0xE0, 0x0A, 0x00, 0xB3, 0x42, 0x03, 0xD3, 0xA3, 0x42, 0x01, 0xD2, 0x08, 0x9A, 0x12, 0x5C, 
    0x5B, 0x1C, 0xB3, 0x42, 0x04, 0xD3, 0xA3, 0x42, 0x02, 0xD2, 0x08, 0x99, 0x09, 0x18, 0x49, 0x78, 
    0x09, 0x02, 0x89, 0x18, 0x0B, 0xAA, 0x11, 0x52, 0x80, 0x1C, 0x20, 0x28, 0xD6, 0xD1, 0x0B, 0xA9, 
    0x02, 0x98, 0xFF, 0xF7, 0xD9, 0xFD, 0x03, 0x00, 0x0A, 0x99, 0x20, 0x31, 0x07, 0x98, 0x0A, 0x91, 
    0x81, 0x42, 0x5B, 0xD2, 0x05, 0x9A, 0x20, 0x32, 0x08, 0x98, 0x20, 0x30, 0x08, 0x90, 0x00, 0x2B, 
    0x03, 0x99, 0xAF, 0xD0, 0x53, 0xE0, 0x13, 0xA8, 0x00, 0x21, 0x81, 0x81, 0x15, 0x91, 0x14, 0x91, 
    0x0A, 0x91, 0x13, 0x91, 0xFF, 0xF7, 0xDE, 0xFC, 0x07, 0x9C, 0x00, 0x2C, 0x3E, 0xD0, 0x08, 0x98, 
    0x80, 0x1B, 0x08, 0x90, 0xAD, 0x19, 0x00, 0x20, 0x09, 0x99, 0x49, 0x1C, 0x05, 0x91, 0xFF, 0x21, 
    0x05, 0x9A, 0x00, 0x2A, 0x0D, 0xD0, 0x2A, 0x00, 0x25, 0x00, 0x09, 0x9C, 0x23, 0x5C, 0x0A, 0x93, 
    0x43, 0x1C, 0xAB, 0x42, 0x01, 0xD2, 0x21, 0x18, 0x49, 0x78, 0x07, 0x9C, 0x15, 0x00, 0x0A, 0x9A, 
    0x00, 0xE0, 0x0A, 0x00, 0xB0, 0x42, 0x03, 0xD3, 0xA8, 0x42, 0x01, 0xD2, 0x08, 0x9A, 0x12, 0x5C, 
    0x46, 0x1C, 0x06, 0x9B, 0x9E, 0x42, 0x06, 0xD3, 0xAE, 0x42, 0x1A, 0x4B, 0x04, 0xD2, 0x08, 0x99, 
    0x09, 0x18, 0x49, 0x78, 0x00, 0xE0, 0x17, 0x4B, 0x09, 0x02, 0x89, 0x18, 0x99, 0x42, 0x07, 0xD0, 
    0x03, 0x9A, 0x10, 0x18, 0x04, 0x9A, 0x1A, 0x40, 0xFF, 0xF7, 0x20, 0xFD, 0x00, 0x28, 0x04, 0xD1, 
    0x70, 0x1C, 0xA0, 0x42, 0x06, 0x9E, 0xCA, 0xD3, 0x00, 0x20, 0x0A, 0x90, 0x50, 0x20, 0x03, 0x99, 
    0x08, 0x80, 0x05, 0xE0, 0x41, 0x34, 0x23, 0x00, 0x08, 0xE0, 0x03, 0x00, 0x03, 0x99, 0x0A, 0x93, 
    0xFF, 0x20, 0x08, 0x80, 0x13, 0xA8, 0xFF, 0xF7, 0xEB, 0xFC, 0x0A, 0x9B, 0x18, 0x00, 0x17, 0xB0, 
    0xF0, 0xBC, 0x02, 0xBC, 0x08, 0x47, 0xC0, 0x46, 0x1B, 0xE1, 0x00, 0x00, 0x01, 0x00, 0x04, 0x02, 
    0x00, 0x80, 0x00, 0x03, 0xFF, 0xFF, 0x00, 0x00, 0x11, 0x3F, 0x40, 0x08, 0x04, 0x02, 0x00, 0x04, 
    0x00, 0x00, 0xFE, 0xFF, 0xF0, 0xB5, 0x03, 0xAF, 0x87, 0xB0, 0x04, 0x00, 0x3D, 0x4E, 0xE8, 0x29, 
    0x2D, 0xD1, 0x01, 0x20, 0x41, 0x04, 0x3C, 0x4A, 0x20, 0x00, 0xFF, 0xF7, 0xD5, 0xFD, 0x00, 0x28, 
    0x53, 0xD0, 0x03, 0xA8, 0x00, 0x21, 0x81, 0x81, 0x05, 0x91, 0x04, 0x91, 0x03, 0x91, 0xFF, 0xF7, 
    0x61, 0xFC, 0x36, 0x48, 0x0F, 0x21, 0x01, 0x80, 0x20, 0x00, 0xFF, 0xF7, 0x15, 0xFD, 0x05, 0x00, 
    0x00, 0x28, 0x47, 0xD1, 0x50, 0x20, 0x20, 0x80, 0x20, 0x20, 0x20, 0x80, 0xD0, 0x20, 0x20, 0x80, 
    0x2F, 0x49, 0x20, 0x88, 0x02, 0x06, 0x04, 0xD4, 0x4B, 0x1C, 0x00, 0x29, 0x9C, 0x46, 0x61, 0x46, 
    0xF7, 0xD1, 0x00, 0x2A, 0x40, 0xD4, 0xFF, 0x20, 0x20, 0x80, 0xF4, 0x36, 0x42, 0xE0, 0x03, 0xA8, 
    0x00, 0x25, 0x85, 0x81, 0x05, 0x95, 0x04, 0x95, 0x03, 0x95, 0xFF, 0xF7, 0x3B, 0xFC, 0x50, 0x20, 
    0x01, 0x90, 0x20, 0x80, 0xFF, 0x20, 0x20, 0x80, 0x60, 0x20, 0x20, 0x80, 0xD0, 0x20, 0x20, 0x80, 
    0x20, 0x21, 0x21, 0x80, 0x20, 0x80, 0x70, 0x20, 0x20, 0x80, 0x01, 0x20, 0x82, 0x04, 0x31, 0x00, 
    0xA6, 0x31, 0xA4, 0x36, 0x2B, 0x00, 0x02, 0x95, 0x02, 0x98, 0x90, 0x42, 0x03, 0xD2, 0x02, 0x98, 
    0x40, 0x1C, 0x02, 0x90, 0xF8, 0xE7, 0x20, 0x88, 0x80, 0x28, 0x09, 0xD0, 0x00, 0x06, 0x06, 0xD4, 
    0x5B, 0x1C, 0x64, 0x2B, 0xEF, 0xD1, 0x35, 0x00, 0x02, 0xE0, 0x35, 0x00, 0x07, 0xE0, 0x0D, 0x00, 
    0x01, 0x98, 0x20, 0x80, 0xFF, 0x20, 0x20, 0x80, 0x03, 0xA8, 0xFF, 0xF7, 0x69, 0xFC, 0x28, 0x00, 
    0x07, 0xB0, 0xF0, 0xBC, 0x02, 0xBC, 0x08, 0x47, 0xFF, 0x21, 0x21, 0x80, 0x3A, 0x21, 0x08, 0x42, 
    0x02, 0xD0, 0xF5, 0x36, 0x35, 0x00, 0xED, 0xE7, 0x20, 0x00, 0xFF, 0xF7, 0xB5, 0xFC, 0x05, 0x00, 
    0xE8, 0xE7, 0xC0, 0x46, 0x5D, 0xE1, 0x00, 0x00, 0x35, 0x41, 0x40, 0x08, 0x04, 0x02, 0x00, 0x04, 
    0x01, 0xE5, 0x48, 0xFF, 
};

inline constexpr std::size_t k_gRuntimeConfig_Offset = 0x0u;
inline constexpr bool k_gRuntimeConfig_Thumb = false;
inline constexpr std::size_t k_gbashSwitchFlashBank_Offset = 0x240u;
inline constexpr bool k_gbashSwitchFlashBank_Thumb = true;
inline constexpr std::size_t k_gbashReadFlashId_Offset = 0x260u;
inline constexpr bool k_gbashReadFlashId_Thumb = true;
inline constexpr std::size_t k_gbashIdentifyFlash_Offset = 0x278u;
inline constexpr bool k_gbashIdentifyFlash_Thumb = true;
inline constexpr std::size_t k_gbashReadFlashByteHelper_Offset = 0x2BCu;
inline constexpr bool k_gbashReadFlashByteHelper_Thumb = true;
inline constexpr std::size_t k_gbashReadFlashCore_Offset = 0x324u;
inline constexpr bool k_gbashReadFlashCore_Thumb = true;
inline constexpr std::size_t k_gbashReadFlash_Offset = 0x3C0u;
inline constexpr bool k_gbashReadFlash_Thumb = true;
inline constexpr std::size_t k_gbashVerifyFlashCore_Offset = 0x3F4u;
inline constexpr bool k_gbashVerifyFlashCore_Thumb = true;
inline constexpr std::size_t k_gbashVerifyFlashSector_Offset = 0x48Cu;
inline constexpr bool k_gbashVerifyFlashSector_Thumb = true;
inline constexpr std::size_t k_gbashVerifyFlashSectorNBytes_Offset = 0x4A8u;
inline constexpr bool k_gbashVerifyFlashSectorNBytes_Thumb = true;
inline constexpr std::size_t k_gbashWaitForFlashWrite_Offset = 0x4CCu;
inline constexpr bool k_gbashWaitForFlashWrite_Thumb = true;
inline constexpr std::size_t k_gbashProgramFlashSector_Offset = 0x4D0u;
inline constexpr bool k_gbashProgramFlashSector_Thumb = true;
inline constexpr std::size_t k_gbashProgramFlashSectorAndVerify_Offset = 0x510u;
inline constexpr bool k_gbashProgramFlashSectorAndVerify_Thumb = true;
inline constexpr std::size_t k_gbashProgramFlashSectorAndVerifyNBytes_Offset = 0x538u;
inline constexpr bool k_gbashProgramFlashSectorAndVerifyNBytes_Thumb = true;
inline constexpr std::size_t k_gbashEraseFlashSector_Offset = 0x588u;
inline constexpr bool k_gbashEraseFlashSector_Thumb = true;
inline constexpr std::size_t k_gbashEraseFlashChip_Offset = 0x5C8u;
inline constexpr bool k_gbashEraseFlashChip_Thumb = true;
inline constexpr std::size_t k_gbashProgramFlashByte_Offset = 0x618u;
inline constexpr bool k_gbashProgramFlashByte_Thumb = true;
inline constexpr std::size_t k_gbashProgramFlashByteByOffset_Offset = 0x688u;
inline constexpr bool k_gbashProgramFlashByteByOffset_Thumb = true;
inline constexpr std::size_t k_gbashReadEepromDword_Offset = 0x6BCu;
inline constexpr bool k_gbashReadEepromDword_Thumb = true;
inline constexpr std::size_t k_gbashProgramEepromDword_Offset = 0x80Cu;
inline constexpr bool k_gbashProgramEepromDword_Thumb = true;
inline constexpr std::size_t k_gbashSramBootInit_Offset = 0xB54u;
inline constexpr bool k_gbashSramBootInit_Thumb = true;
inline constexpr std::size_t k_gbashSramBootEntry_Offset = 0x12F4u;
inline constexpr bool k_gbashSramBootEntry_Thumb = false;
inline constexpr std::size_t k_gbashSramDummyIrq_Offset = 0x1314u;
inline constexpr bool k_gbashSramDummyIrq_Thumb = false;
inline constexpr std::size_t k_gbashSramReadMirror_Offset = 0xBA4u;
inline constexpr bool k_gbashSramReadMirror_Thumb = true;
inline constexpr std::size_t k_gbashSramWriteMirror_Offset = 0xCA4u;
inline constexpr bool k_gbashSramWriteMirror_Thumb = true;
inline constexpr std::size_t k_gbashSramVerifyMirror_Offset = 0xDFCu;
inline constexpr bool k_gbashSramVerifyMirror_Thumb = true;
inline constexpr std::size_t k_gbashSramHotkeyCommit_Offset = 0xFB8u;
inline constexpr bool k_gbashSramHotkeyCommit_Thumb = true;
inline constexpr std::size_t k_gbashSramHotkeyIrqEntry_Offset = 0x13D4u;
inline constexpr bool k_gbashSramHotkeyIrqEntry_Thumb = false;
inline constexpr std::size_t k_gbashSramChainSlotAddressWord_Offset = 0x1330u;
inline constexpr bool k_gbashSramChainSlotAddressWord_Thumb = false;
inline constexpr std::size_t k_gbashSramFallbackDispatcherWord_Offset = 0x1334u;
inline constexpr bool k_gbashSramFallbackDispatcherWord_Thumb = false;
inline constexpr std::size_t k_gbashNoOp_Offset = 0x12F0u;
inline constexpr bool k_gbashNoOp_Thumb = true;

} // namespace gbasave::generated_runtime
